,Symbol,Open_Time,Open,High,Low,Close_Price,Asset_Volume,Close_Time,BTC_Volume,Trades,Taker buy base asset volume,Taker buy quote asset volume,Ignore
832,1INCHBTC,2021-01-02 21:00:00,3.353e-05,4.659e-05,3.12e-05,3.198e-05,364120.9,2021-01-02 21:14:59.999,12.73929708,1955,252809.3,9.09350336,0
29360,ACMBTC,2021-12-27 22:00:00,0.0001065,0.0001447,0.0001065,0.0001119,95541.8,2021-12-27 22:14:59.999,12.06032391,6111,63038.2,7.96733669,0
48512,ACMBTC,2022-07-15 10:00:00,0.0001595,0.0004292,0.0001543,0.0003371,149722.0,2022-07-15 10:14:59.999,33.9076642,6367,104464.3,22.92394774,0
117205,ADXBTC,2021-04-08 00:00:00,2.253e-05,2.751e-05,2.129e-05,2.193e-05,2161200.0,2021-04-08 00:14:59.999,50.44676229,6129,1049038.0,24.56467303,0
6944,AERGOBTC,2021-01-02 00:00:00,1.43e-06,2e-06,1.41e-06,1.58e-06,3542000.0,2021-01-02 00:14:59.999,6.41231443,3793,2455344.0,4.50070772,0
7028,AERGOBTC,2021-01-02 21:00:00,2.1e-06,2.46e-06,1.81e-06,1.91e-06,3929271.0,2021-01-02 21:14:59.999,7.90186053,1979,1945059.0,3.96975479,0
60083,AERGOBTC,2022-07-10 05:00:00,8.29e-06,2.353e-05,8.14e-06,1.466e-05,1723522.0,2022-07-10 05:14:59.999,25.03007862,4559,1008433.0,14.43526224,0
65891,AERGOBTC,2022-09-08 17:00:00,6.63e-06,1.2e-05,6.54e-06,7.68e-06,6019031.0,2022-09-08 17:14:59.999,54.8159534,9552,3232996.0,29.21671877,0
74831,AERGOBTC,2022-12-10 20:00:00,6.63e-06,8.96e-06,6.59e-06,6.7e-06,4096883.0,2022-12-10 20:14:59.999,31.07252156,5509,2279130.0,17.18850599,0
42054,AGIXBTC,2022-08-14 16:00:00,2.68e-06,4e-06,2.68e-06,2.82e-06,83852474.0,2022-08-14 16:14:59.999,273.6955414,26105,53140249.0,174.4359245,0
37976,AGLDBTC,2022-11-04 21:00:00,1.757e-05,2.29e-05,1.757e-05,1.83e-05,458689.1,2022-11-04 21:14:59.999,10.0005372,632,424634.4,9.37584894,0
7966,AIONBTC,2018-03-15 20:00:00,0.0002802,0.00059,0.0002801,0.0003515,2888893.31,2018-03-15 20:14:59.999,1159.22580705,17155,1740482.94,710.85112572,0
113600,AMBBTC,2021-02-10 21:00:00,6.9e-07,1.07e-06,5.3e-07,6.2e-07,61311006.0,2021-02-10 21:14:59.999,44.17146955,5140,35167039.0,27.38887768,0
21064,AMPBTC,2022-06-30 16:00:00,7.1e-07,8.1e-07,6.1e-07,6.2e-07,28236558.0,2022-06-30 16:14:59.999,20.233093,2220,14118824.0,10.2406052,0
10340,ANCBTC,2022-05-13 04:00:00,2.55e-06,4.82e-06,2.54e-06,3.81e-06,2449848.61,2022-05-13 04:14:59.999,9.31639969,1539,1212390.51,4.6648859,0
10428,ANCBTC,2022-05-14 02:00:00,5.49e-06,7.5e-06,4.86e-06,5.9e-06,3575046.94,2022-05-14 02:14:59.999,21.63843144,2767,1644858.43,9.89910516,0
21443,ANTBTC,2021-03-24 20:00:00,0.0001215,0.0002578,0.0001215,0.0001565,946925.62,2021-03-24 20:14:59.999,146.63081554,18530,543802.18,86.58246236,0
104397,APPCBTC,2021-01-01 21:00:00,9.4e-07,1.2e-06,9.4e-07,9.4e-07,12472714.0,2021-01-01 21:14:59.999,13.46455414,2812,7039692.0,7.67768858,0
105549,APPCBTC,2021-01-13 21:00:00,8.3e-07,1.18e-06,8.3e-07,8.5e-07,11713794.0,2021-01-13 21:14:59.999,11.30276522,3556,6979655.0,6.89743883,0
107089,APPCBTC,2021-01-29 22:00:00,1.1e-06,1.67e-06,9.5e-07,1e-06,22374681.0,2021-01-29 22:14:59.999,29.01380022,5542,13485944.0,18.54414748,0
107261,APPCBTC,2021-01-31 17:00:00,1.38e-06,6e-06,1.38e-06,1.79e-06,97750958.0,2021-01-31 17:14:59.999,291.23005111,32595,53517378.0,162.22947497,0
107741,APPCBTC,2021-02-05 17:00:00,1.93e-06,2.83e-06,1.73e-06,1.8e-06,35243994.0,2021-02-05 17:14:59.999,76.76530437,11631,17698911.0,39.48406646,0
138100,APPCBTC,2021-12-19 15:00:00,1.74e-06,2.22e-06,1.6e-06,1.69e-06,45176981.0,2021-12-19 15:14:59.999,88.80341543,15360,26590382.0,52.79471546,0
532,APTBTC,2022-10-24 14:00:00,0.00050982,0.00088888,0.00050007,0.00050136,120840.84,2022-10-24 14:14:59.999,63.76647797,2526,70968.83,38.41716678,0
22682,ARDRBTC,2019-03-12 10:00:00,2.534e-05,2.799e-05,2.15e-05,2.224e-05,12817877.0,2019-03-12 10:14:59.999,314.76953899,6606,5187059.0,127.98787405,0
80250,ARDRBTC,2020-11-02 16:00:00,3.75e-06,6.03e-06,3.72e-06,4.18e-06,17507240.0,2020-11-02 16:14:59.999,84.40521467,9811,8493704.0,41.94815981,0
176558,ARKBTC,2022-11-20 02:00:00,1.816e-05,2.61e-05,1.741e-05,1.786e-05,1361474.3,2022-11-20 02:14:59.999,28.25803258,6486,806566.6,17.0714254,0
97567,ARPABTC,2022-08-20 15:00:00,1.7e-06,2.46e-06,1.69e-06,1.94e-06,16735871.0,2022-08-20 15:14:59.999,34.95750541,8153,9327838.0,19.37163073,0
4359,ASRBTC,2021-02-13 17:00:00,0.0001542,0.0002008,0.0001484,0.0001554,75736.1,2021-02-13 17:14:59.999,12.4957388,2150,35742.21,6.00088613,0
4467,ASRBTC,2021-02-14 20:00:00,0.0001354,0.0001745,0.0001316,0.0001333,133597.58,2021-02-14 20:14:59.999,19.52425202,6123,73727.8,10.9909186,0
5235,ASRBTC,2021-02-22 20:00:00,0.0001392,0.000173,0.0001328,0.0001328,94558.32,2021-02-22 20:14:59.999,13.97481476,5377,51307.42,7.76964302,0
34751,ASRBTC,2021-12-27 22:00:00,8.12e-05,0.0001248,8.1e-05,9.18e-05,175881.8,2021-12-27 22:14:59.999,17.87643942,6272,95019.4,9.64301569,0
67015,ASRBTC,2022-11-29 00:00:00,0.0001972,0.000326,0.0001601,0.0001687,181653.5,2022-11-29 00:14:59.999,39.26462285,7100,88132.3,19.34375158,0
144162,ASTBTC,2021-12-04 10:00:00,6.29e-06,8.5e-06,6.17e-06,6.68e-06,1601860.0,2021-12-04 10:14:59.999,11.31011752,6272,973829.0,7.0229031,0
4659,ATMBTC,2021-02-16 20:00:00,0.0001653,0.0002257,0.0001565,0.0001581,71707.67,2021-02-16 20:14:59.999,12.80669449,3067,39537.88,7.35961221,0
4663,ATMBTC,2021-02-16 21:00:00,0.000155,0.0002568,0.000153,0.0001583,134858.86,2021-02-16 21:14:59.999,23.82734723,6453,71384.79,13.19048623,0
5223,ATMBTC,2021-02-22 17:00:00,0.0001487,0.000198,0.0001303,0.0001489,19677.13,2021-02-22 17:14:59.999,3.05284368,1034,7981.23,1.27012209,0
5811,ATMBTC,2021-02-28 20:00:00,0.0001661,0.0002009,0.0001566,0.0001583,217891.7,2021-02-28 20:14:59.999,38.1268382,12401,92739.97,16.62252865,0
24367,ATMBTC,2021-09-10 16:00:00,0.0003526,0.0004687,0.0003456,0.0003555,304295.81,2021-09-10 16:14:59.999,118.75092315,23808,142288.59,56.03104186,0
71467,ATMBTC,2023-01-14 09:00:00,0.0001437,0.000385,0.0001412,0.0002511,128926.26,2023-01-14 09:14:59.999,33.59178558,6465,74928.37,19.07079883,0
10088,AUTOBTC,2021-07-16 18:00:00,0.02309,0.036,0.02309,0.02522,482.5189,2021-07-16 18:14:59.999,13.27423924,2016,206.393,5.7373986,0
38882,AUTOBTC,2022-05-12 23:00:00,0.00437,0.00719,0.00417,0.00432,518.993,2022-05-12 23:14:59.999,2.49554221,568,424.707,2.05135492,0
38950,AUTOBTC,2022-05-13 16:00:00,0.0053,0.00755,0.00517,0.00522,465.753,2022-05-13 16:14:59.999,2.64261717,768,298.776,1.7107248,0
38962,AUTOBTC,2022-05-13 19:00:00,0.00474,0.00625,0.00468,0.00485,269.362,2022-05-13 19:14:59.999,1.41139336,331,113.955,0.63092786,0
6342,BADGERBTC,2021-05-07 18:00:00,0.00065,0.0008251,0.000639,0.0006548,104002.76,2021-05-07 18:14:59.999,73.84977791,10423,65603.31,46.56537053,0
23604,BADGERBTC,2021-11-03 20:00:00,0.0007495,0.0009063,0.0006599,0.0006976,140029.74,2021-11-03 20:14:59.999,106.74985063,12716,78931.99,60.66723648,0
42144,BADGERBTC,2022-05-15 23:00:00,0.0001585,0.0002099,0.0001529,0.0001562,30299.83,2022-05-15 23:14:59.999,5.14922891,1572,14159.35,2.469614,0
81647,BALBTC,2022-12-06 00:00:00,0.0003808,0.0007549,0.0003731,0.0004422,105569.06,2022-12-06 00:14:59.999,54.61697677,8742,59851.57,31.28910029,0
44800,BARBTC,2022-08-01 14:00:00,0.0003092,0.0003838,0.000286,0.0002902,35074.92,2022-08-01 14:14:59.999,10.7947204,2068,17920.58,5.59142186,0
4910,BATBTC,2018-01-03 16:00:00,3.573e-05,5.9e-05,3.562e-05,3.626e-05,1086998.0,2018-01-03 16:14:59.999,48.56956198,1083,944421.0,43.41375942,0
115220,BCDBTC,2021-03-13 19:00:00,1.95e-05,2.4e-05,1.885e-05,1.917e-05,1153978.0,2021-03-13 19:14:59.999,23.92251463,6604,633393.0,13.50739252,0
5686,BCPTBTC,2018-01-12 20:00:00,9.655e-05,0.000132,9.251e-05,9.533e-05,1413305.0,2018-01-12 20:14:59.999,156.00361075,3840,776557.0,88.95406451,0
55287,BCPTBTC,2019-06-16 21:00:00,6.31e-06,7.85e-06,5.95e-06,6.23e-06,12093338.0,2019-06-16 21:14:59.999,81.16380499,3237,7503048.0,51.26926581,0
110131,BCPTBTC,2021-01-09 13:00:00,8e-07,1.33e-06,7.9e-07,9.3e-07,51181826.0,2021-01-09 13:14:59.999,52.9938571,5028,34368153.0,35.62927968,0
112939,BCPTBTC,2021-02-07 19:00:00,5.6e-07,9.5e-07,5.6e-07,6.7e-07,57206389.0,2021-02-07 19:14:59.999,44.19696238,8750,34297931.0,26.72810483,0
4952,BELBTC,2020-11-05 22:00:00,4.424e-05,5.835e-05,4.424e-05,4.666e-05,1211678.0,2020-11-05 22:14:59.999,59.60841052,2632,1095623.0,53.84568514,0
59495,BELBTC,2022-05-29 00:00:00,1.815e-05,3.204e-05,1.744e-05,2.458e-05,698542.2,2022-05-29 00:14:59.999,16.16370931,4727,340550.0,7.87398782,0
9167,BNTBTC,2018-01-20 19:00:00,0.00061364,0.00110062,0.00060263,0.00063731,874617.0,2018-01-20 19:14:59.999,696.86091674,13293,417068.0,347.07887588,0
9835,BNTBTC,2018-01-27 18:00:00,0.00065471,0.0009286,0.00063,0.00063998,525090.0,2018-01-27 18:14:59.999,379.92124026,6419,289730.0,213.43004066,0
17959,BNTBTC,2018-04-23 19:00:00,0.00059815,0.0008,0.00051,0.00058,974211.0,2018-04-23 19:14:59.999,586.27216735,9304,470044.0,285.90090869,0
31402,BNTBTC,2018-09-11 15:00:00,0.00018784,0.00024479,0.00018651,0.00019565,28184.0,2018-09-11 15:14:59.999,5.81158247,347,19065.0,4.04762129,0
42616,BNTBTC,2019-01-06 21:00:00,0.00017463,0.00023,0.00017446,0.0001804,889796.0,2019-01-06 21:14:59.999,177.81293219,7710,414768.0,84.28685057,0
66128,BNTBTC,2019-09-09 20:00:00,3.683e-05,5.156e-05,3.621e-05,3.63e-05,1189268.0,2019-09-09 20:14:59.999,48.53772165,4454,583110.0,24.06022987,0
139967,BNTBTC,2021-10-19 17:00:00,6.401e-05,8.706e-05,6.31e-05,6.343e-05,75658.2,2021-10-19 17:14:59.999,5.10593522,704,43973.7,3.04105155,0
44992,BNXBTC,2023-02-22 08:00:00,7.109e-05,9.77e-05,6.4e-05,7.018e-05,226737.9,2023-02-22 08:14:59.999,17.22705381,2271,81309.4,6.34616915,0
9778,BONDBTC,2021-10-15 09:00:00,0.0008575,0.001325,0.000637,0.0007081,86663.94,2021-10-15 09:14:59.999,79.65863795,7991,43872.73,39.90373823,0
117212,BQXBTC,2021-01-30 06:00:00,6.047e-05,0.000135,6.047e-05,8.095e-05,3561486.0,2021-01-30 06:14:59.999,310.81661329,11088,2531280.0,228.29316514,0
100504,BRDBTC,2020-11-09 16:00:00,5.1e-06,7.49e-06,5.04e-06,5.34e-06,9556877.0,2020-11-09 16:14:59.999,60.22967788,5405,4057244.0,25.96708687,0
106052,BRDBTC,2021-01-06 17:00:00,1.91e-06,2.59e-06,1.88e-06,2.03e-06,12331079.0,2021-01-06 17:14:59.999,28.12276516,2337,10335744.0,23.70135096,0
108368,BRDBTC,2021-01-30 20:00:00,5e-06,5.85e-06,3.18e-06,3.47e-06,36297512.0,2021-01-30 20:14:59.999,154.19087943,19433,17133420.0,74.80314383,0
108748,BRDBTC,2021-02-03 19:00:00,3.17e-06,6.67e-06,2.75e-06,2.8e-06,34658617.0,2021-02-03 19:14:59.999,135.45465745,19787,19362800.0,80.55628178,0
109032,BRDBTC,2021-02-06 18:00:00,2.89e-06,4.73e-06,2.81e-06,2.9e-06,16369440.0,2021-02-06 18:14:59.999,58.59063674,11035,9012730.0,33.11631281,0
110751,BRDBTC,2021-02-24 17:00:00,4.35e-06,6.15e-06,4.12e-06,4.3e-06,21429518.0,2021-02-24 17:14:59.999,109.73579908,16602,10788223.0,56.47959841,0
127395,BRDBTC,2021-08-17 15:00:00,4.37e-06,8.8e-06,4.37e-06,5.03e-06,27830511.0,2021-08-17 15:14:59.999,187.42506508,26563,15422661.0,104.88515429,0
128555,BRDBTC,2021-08-29 17:00:00,4.45e-06,6.81e-06,4.06e-06,4.26e-06,20982243.0,2021-08-29 17:14:59.999,108.94164195,15147,12139108.0,64.64221877,0
134587,BRDBTC,2021-10-31 15:00:00,4.34e-06,6.4e-06,4.28e-06,4.98e-06,28332287.0,2021-10-31 15:14:59.999,153.93291379,26998,17490566.0,95.92427281,0
5849,BTCSTBTC,2021-03-19 07:00:00,0.0006377,0.001448,0.0006177,0.0009506,115888.03,2021-03-19 07:14:59.999,101.85700664,18480,51735.65,46.02925341,0
25179,BTCSTBTC,2021-10-07 05:00:00,0.0012211,0.0016549,0.0012189,0.0012405,67688.51,2021-10-07 05:14:59.999,95.67433967,10785,29618.42,42.09617996,0
51849,CDTBTC,2019-05-13 15:00:00,1.1e-06,1.32e-06,1.01e-06,1.02e-06,13430827.0,2019-05-13 15:14:59.999,15.04845642,1122,5659886.0,6.39789481,0
114264,CDTBTC,2021-02-23 16:00:00,3.4e-07,5.5e-07,3.4e-07,4e-07,114178892.0,2021-02-23 16:14:59.999,49.07704671,6377,70440340.0,30.59420707,0
119162,CDTBTC,2021-04-15 18:00:00,7.6e-07,1.29e-06,7.6e-07,1.03e-06,110219474.0,2021-04-15 18:14:59.999,116.52301846,23162,63012441.0,66.57117774,0
22717,CELOBTC,2021-08-30 14:00:00,0.00020258,0.000228,0.00017837,0.00018145,472525.6,2021-08-30 14:14:59.999,91.71852142,5484,218340.5,42.6743975,0
66333,CELOBTC,2022-11-28 00:00:00,4.331e-05,5.584e-05,4.25e-05,4.444e-05,594149.7,2022-11-28 00:14:59.999,28.17901845,6147,350045.3,16.79841625,0
4030,CHATBTC,2018-03-15 20:00:00,1.44e-05,2.688e-05,6.51e-06,1.177e-05,20286853.0,2018-03-15 20:14:59.999,305.53946911,5568,10845877.0,178.2528137,0
50951,CHZBTC,2021-02-19 00:00:00,7.7e-07,1.35e-06,7.7e-07,1.06e-06,248261389.0,2021-02-19 00:14:59.999,258.47650885,19643,167396409.0,170.83650357,0
53041,CHZBTC,2021-03-12 20:00:00,1.18e-05,1.68e-05,1.097e-05,1.31e-05,121847633.0,2021-03-12 20:14:59.999,1584.04065434,103897,58473411.0,765.86297501,0
7107,CLOAKBTC,2018-07-01 19:00:00,0.0006169,0.0009093,0.0006168,0.0007002,275644.5,2018-07-01 19:14:59.999,216.38902998,5341,133650.74,104.49300828,0
15909,CLOAKBTC,2018-10-01 19:00:00,0.0003612,0.0005283,0.0003612,0.0004166,413300.53,2018-10-01 19:14:59.999,184.94777593,6691,196154.99,87.54302591,0
121759,CNDBTC,2021-06-06 17:00:00,6.6e-07,9.1e-07,5.2e-07,5.3e-07,197912436.0,2021-06-06 17:14:59.999,139.52862193,16349,95613661.0,71.50041025,0
14267,COCOSBTC,2020-01-17 06:00:00,7e-08,8e-08,6e-08,6e-08,136987873.0,2020-01-17 06:14:59.999,9.58504315,50,1433071.0,0.10032997,0
22288,COCOSBTC,2020-04-10 04:00:00,3e-08,4e-08,3e-08,3e-08,2257690.0,2020-04-10 04:14:59.999,0.08239143,3,1466073.0,0.05864292,0
22472,COCOSBTC,2020-04-12 02:00:00,3e-08,4e-08,3e-08,3e-08,1447948.0,2020-04-12 02:14:59.999,0.04569068,3,225224.0,0.00900896,0
22484,COCOSBTC,2020-04-12 05:00:00,3e-08,4e-08,3e-08,3e-08,292744.0,2020-04-12 05:14:59.999,0.01002919,3,124687.0,0.00498748,0
22516,COCOSBTC,2020-04-12 13:00:00,3e-08,4e-08,3e-08,3e-08,202792.0,2020-04-12 13:14:59.999,0.00707474,4,99098.0,0.00396392,0
22736,COCOSBTC,2020-04-14 20:00:00,3e-08,4e-08,3e-08,3e-08,2056647.0,2020-04-14 20:14:59.999,0.07753429,6,1583488.0,0.06333952,0
114855,COSBTC,2022-11-13 21:00:00,3.4e-07,3.9e-07,2.9e-07,3.1e-07,91634772.0,2022-11-13 21:14:59.999,30.59101727,3929,53985950.0,18.44362381,0
18579,CTXCBTC,2020-06-03 16:00:00,1.157e-05,3.599e-05,1.157e-05,1.319e-05,18290767.0,2020-06-03 16:14:59.999,338.22759965,17739,7760954.0,152.35984902,0
32817,CTXCBTC,2020-10-30 03:00:00,6.31e-06,7.53e-06,5.8e-06,5.9e-06,8827635.0,2020-10-30 03:14:59.999,56.38541794,2492,7505138.0,48.0039224,0
39469,CTXCBTC,2021-01-07 16:00:00,3.14e-06,3.46e-06,2.26e-06,2.32e-06,12466562.0,2021-01-07 16:14:59.999,33.05252245,4590,6209524.0,16.71872156,0
5883,CVCBTC,2018-07-29 11:00:00,2.242e-05,4.4e-05,2.233e-05,2.897e-05,4777735.0,2018-07-29 11:14:59.999,138.69521342,5154,2944329.0,86.08965715,0
42289,CVCBTC,2019-08-13 20:00:00,3.95e-06,6.5e-06,3.88e-06,4.4e-06,23325316.0,2019-08-13 20:14:59.999,115.31909405,6507,11976736.0,61.76844452,0
420,CVXBTC,2021-12-27 23:00:00,0.0009645,0.0012939,0.0009644,0.0010129,11856.315,2021-12-27 23:14:59.999,12.69862983,2315,6198.166,6.65263288,0
6056,CVXBTC,2022-02-24 16:00:00,0.0004866,0.0006202,0.0004843,0.00049,1981.346,2022-02-24 16:14:59.999,1.02864307,594,1610.199,0.84555456,0
31220,CVXBTC,2022-11-13 19:00:00,0.0003084,0.000795,0.0002378,0.0003475,78974.996,2022-11-13 19:14:59.999,28.486508,10229,33128.134,12.14749359,0
130860,DASHBTC,2021-07-19 14:00:00,0.00359,0.005928,0.003583,0.00462,61916.06,2021-07-19 14:14:59.999,283.97559702,24068,36787.821,168.32810377,0
10828,DATABTC,2018-09-29 19:00:00,5.47e-06,1.384e-05,5.47e-06,8.02e-06,45502308.0,2018-09-29 19:14:59.999,432.70461582,10203,24862538.0,236.27362847,0
41410,DATABTC,2019-08-15 20:00:00,1.02e-06,1.7e-06,1.02e-06,1.25e-06,29723053.0,2019-08-15 20:14:59.999,37.66114463,2213,16066663.0,20.40405789,0
12600,DEGOBTC,2021-07-20 00:00:00,0.0001662,0.0002168,0.0001649,0.0001677,60054.07,2021-07-20 00:14:59.999,10.5288705,1012,40584.46,7.27408687,0
74545,DGBBTC,2022-08-09 04:00:00,6.1e-07,7.7e-07,5.8e-07,5.9e-07,65663594.0,2022-08-09 04:14:59.999,42.2231544,3935,28820124.0,18.75376171,0
4172,DGDBTC,2018-01-09 20:00:00,0.014049,0.081,0.014049,0.021201,27373.399,2018-01-09 20:14:59.999,656.99044035,14451,13616.056,336.78374359,0
4852,DGDBTC,2018-01-16 22:00:00,0.01473,0.022,0.014382,0.01667,4665.091,2018-01-16 22:14:59.999,89.04278927,2012,2828.525,54.06860864,0
6432,DGDBTC,2018-02-02 09:00:00,0.063977,0.07495,0.053097,0.053476,22254.846,2018-02-02 09:14:59.999,1331.4820399,15766,10063.839,607.38604752,0
6259,DLTBTC,2018-01-14 18:00:00,7.969e-05,0.00010588,7.389e-05,7.481e-05,1402514.0,2018-01-14 18:14:59.999,122.1248601,3157,722895.0,64.65313614,0
8708,DLTBTC,2018-02-10 16:00:00,3.983e-05,5.4e-05,3.805e-05,4.05e-05,1949123.0,2018-02-10 16:14:59.999,87.53098759,2481,948443.0,43.13418502,0
104600,DLTBTC,2020-11-08 15:00:00,2.87e-06,4.1e-06,2.79e-06,3.17e-06,28814258.0,2020-11-08 15:14:59.999,96.58769831,4329,22064276.0,74.72333799,0
109208,DLTBTC,2020-12-26 21:00:00,1.71e-06,1.054e-05,1.68e-06,6.35e-06,69385559.0,2020-12-26 21:14:59.999,418.67426795,29136,41791102.0,238.30684768,0
109880,DLTBTC,2021-01-02 21:00:00,1.26e-06,1.64e-06,1.21e-06,1.22e-06,4040703.0,2021-01-02 21:14:59.999,5.42314936,746,2192004.0,3.11988843,0
112552,DLTBTC,2021-01-30 17:00:00,1.69e-06,4.7e-06,1.69e-06,3.01e-06,57359507.0,2021-01-30 17:14:59.999,185.06287195,23428,31906810.0,102.44270691,0
112836,DLTBTC,2021-02-02 16:00:00,2.64e-06,2.97e-06,2.28e-06,2.36e-06,5515036.0,2021-02-02 16:14:59.999,14.71241153,1794,2148185.0,5.86302465,0
121249,DLTBTC,2021-05-01 17:00:00,4.37e-06,7.3e-06,3.71e-06,3.88e-06,34549528.0,2021-05-01 17:14:59.999,171.87158468,29378,19855477.0,101.2738983,0
138671,DLTBTC,2021-10-30 11:00:00,1.18e-06,1.97e-06,1.17e-06,1.49e-06,22722958.0,2021-10-30 11:14:59.999,36.02805041,8199,14161104.0,22.37331807,0
60640,DODOBTC,2022-11-13 17:00:00,8.92e-06,1.042e-05,8.2e-06,8.26e-06,967502.5,2022-11-13 17:14:59.999,8.80434665,1852,488440.6,4.56523473,0
41914,DREPBTC,2021-04-02 04:00:00,4.7e-05,7.85e-05,5e-07,5.214e-05,1520119.4,2021-04-02 04:14:59.999,68.11718662,9310,693039.6,34.66375463,0
52882,DREPBTC,2021-07-25 17:00:00,2.414e-05,2.859e-05,1.994e-05,2.077e-05,12607408.6,2021-07-25 17:14:59.999,305.93458748,35992,6904083.5,168.83610032,0
44652,DUSKBTC,2020-10-30 16:00:00,3.06e-06,5.85e-06,3.06e-06,3.92e-06,23034017.0,2020-10-30 16:14:59.999,98.63396748,11441,12556819.0,53.6751916,0
45794,ENJBTC,2019-02-25 23:00:00,2.06e-05,2.943e-05,2.038e-05,2.348e-05,58070351.0,2019-02-25 23:14:59.999,1384.23089411,25426,29717073.0,712.31342572,0
358,ETCBTC,2017-10-16 03:00:00,0.002174,0.002848,0.002174,0.002183,2053.37,2017-10-16 03:14:59.999,5.1415482,46,1708.89,4.3539284,0
10143,EVXBTC,2018-02-10 18:00:00,0.00021821,0.00032906,0.00021502,0.00022199,480567.0,2018-02-10 18:14:59.999,125.09949505,4093,216009.0,57.03688538,0
10238,EVXBTC,2018-02-11 18:00:00,0.0002065,0.000285,0.00019481,0.00019998,346738.0,2018-02-11 18:14:59.999,80.42586197,2746,177120.0,42.06680059,0
10338,EVXBTC,2018-02-12 19:00:00,0.00021798,0.00026313,0.00016368,0.0001982,84456.0,2018-02-12 19:14:59.999,17.29482888,499,35992.0,7.48469435,0
28781,EVXBTC,2018-08-24 17:00:00,6.638e-05,0.000115,6.624e-05,7.899e-05,2231272.0,2018-08-24 17:14:59.999,211.88186683,6199,1148685.0,110.83094892,0
32917,EVXBTC,2018-10-06 19:00:00,7.637e-05,0.0001419,7.561e-05,8.125e-05,3639044.0,2018-10-06 19:14:59.999,354.14080345,10913,2040298.0,205.93379612,0
110623,EVXBTC,2020-12-26 18:00:00,1.304e-05,1.489e-05,1.134e-05,1.19e-05,2622015.0,2020-12-26 18:14:59.999,33.74315889,6065,1682572.0,21.86825787,0
111979,EVXBTC,2021-01-09 21:00:00,1.331e-05,4.463e-05,9.13e-06,9.46e-06,14694754.0,2021-01-09 21:14:59.999,295.65058225,33036,7598951.0,179.16299489,0
114651,EVXBTC,2021-02-06 17:00:00,1.172e-05,1.64e-05,1.019e-05,1.086e-05,1982449.0,2021-02-06 17:14:59.999,23.87362196,3191,1004972.0,12.82328295,0
139546,EVXBTC,2021-10-24 17:00:00,1.204e-05,2.094e-05,1.204e-05,1.434e-05,15015967.0,2021-10-24 17:14:59.999,255.65307329,50273,7967733.0,135.56351007,0
141366,EVXBTC,2021-11-12 16:00:00,1.045e-05,1.5e-05,1.045e-05,1.121e-05,3669791.0,2021-11-12 16:14:59.999,46.76160347,8487,2440293.0,31.64211165,0
6012,EZBTC,2021-07-01 23:00:00,8.31e-05,9.56e-05,7e-05,7.11e-05,157098.32,2021-07-01 23:14:59.999,13.31431447,2044,78284.53,6.93712027,0
9636,EZBTC,2021-08-08 17:00:00,6.83e-05,0.000265,6.83e-05,8.15e-05,2400138.95,2021-08-08 17:14:59.999,312.87156768,53730,1383423.86,182.73380456,0
14986,EZBTC,2021-10-03 17:00:00,0.0001496,0.00021,0.00011666,0.00012909,2254844.08,2021-10-03 17:14:59.999,372.07657915,53721,1151593.6,194.56271317,0
17674,EZBTC,2021-10-31 17:00:00,8.518e-05,0.000149,8.518e-05,9.086e-05,2618164.9,2021-10-31 17:14:59.999,307.16671047,59343,1416937.6,167.83542248,0
27770,EZBTC,2022-02-13 21:00:00,6.008e-05,8.4e-05,6.007e-05,6.556e-05,1139900.6,2022-02-13 21:14:59.999,83.21848196,6858,1016700.2,74.28278591,0
6218,FARMBTC,2021-10-15 09:00:00,0.002974,0.0041,0.00295,0.003193,3607.815,2021-10-15 09:14:59.999,12.41944042,2198,1739.709,5.94099472,0
17508,FIOBTC,2021-01-30 00:00:00,3.06e-06,5e-06,2.7e-06,2.73e-06,37253907.0,2021-01-30 00:14:59.999,130.53083296,14378,19327305.0,69.9173304,0
18056,FIOBTC,2021-02-04 17:00:00,2.72e-06,3.55e-06,2.63e-06,2.68e-06,23187192.0,2021-02-04 17:14:59.999,69.76430496,8379,11775048.0,35.89853451,0
67043,FIOBTC,2022-06-30 16:00:00,2.29e-06,2.7e-06,2.03e-06,2.05e-06,10188913.0,2022-06-30 16:14:59.999,24.37827956,3204,6164499.0,14.94772949,0
43951,FIROBTC,2022-05-02 14:00:00,8.77e-05,0.0001136,7.89e-05,8.73e-05,262122.6,2022-05-02 14:14:59.999,24.43790018,4342,142511.3,13.41837995,0
62659,FLMBTC,2022-07-13 22:00:00,6.78e-06,9.76e-06,6.77e-06,7.74e-06,960458.0,2022-07-13 22:14:59.999,7.74120099,988,601833.0,4.87622301,0
7594,FORBTC,2021-02-04 21:00:00,7.6e-07,1.12e-06,7.5e-07,7.7e-07,37056049.0,2021-02-04 21:14:59.999,33.71205642,6465,20620111.0,18.9900556,0
5193,FUELBTC,2018-01-16 14:00:00,1.468e-05,2.288e-05,1.396e-05,1.617e-05,2719239.0,2018-01-16 14:14:59.999,47.16223682,695,2067311.0,37.7279054,0
5225,FUELBTC,2018-01-16 22:00:00,1.502e-05,2.18e-05,1.5e-05,1.656e-05,1350383.0,2018-01-16 22:14:59.999,24.4854103,318,1033819.0,19.7313747,0
62550,FUELBTC,2019-09-09 18:00:00,5e-07,8.8e-07,4.8e-07,6.9e-07,151235378.0,2019-09-09 18:14:59.999,90.16597825,1841,119031215.0,69.57460271,0
8986,FUNBTC,2017-12-30 20:00:00,5.58e-06,9.99e-06,5.27e-06,6.88e-06,28460447.0,2017-12-30 20:14:59.999,202.16204268,4111,14847882.0,105.45601831,0
113912,FUNBTC,2021-01-01 15:00:00,7.7e-07,8.7e-07,5.2e-07,6.2e-07,481755515.0,2021-01-01 15:14:59.999,334.71539894,14184,197323352.0,145.17288612,0
20428,FXSBTC,2021-09-19 17:00:00,0.0001085,0.00020597,0.0001085,0.00014752,2452694.01,2021-09-19 17:14:59.999,413.72454413,57985,1231007.48,209.70723009,0
61632,FXSBTC,2022-11-23 00:00:00,0.00026482,0.0004394,0.00026482,0.0003034,21308.2,2022-11-23 00:14:59.999,6.77092676,1816,12081.5,3.81064874,0
20400,GASBTC,2018-03-09 12:00:00,0.002643,0.003557,0.00264,0.002823,12833.86,2018-03-09 12:14:59.999,37.95747166,1391,9494.22,28.6291791,0
119669,GASBTC,2021-01-09 21:00:00,4.56e-05,7.93e-05,4.19e-05,4.45e-05,289815.04,2021-01-09 21:14:59.999,16.17428401,2573,158343.23,9.0065825,0
178476,GASBTC,2022-09-15 03:00:00,0.0001175,0.0002325,0.0001175,0.0001738,566676.2,2022-09-15 03:14:59.999,103.14467529,11599,293313.1,51.54311732,0
1294,GRSBTC,2018-04-17 21:00:00,0.00012429,0.00048675,0.00012049,0.00015706,2746143.0,2018-04-17 21:14:59.999,739.12109441,6680,1892011.0,615.21089017,0
1298,GRSBTC,2018-04-17 22:00:00,0.00029886,0.00043176,0.00027883,0.00031994,5974560.0,2018-04-17 22:14:59.999,2145.79038296,37989,3027895.0,1096.85151337,0
69739,GRSBTC,2020-04-02 16:00:00,2.575e-05,3.434e-05,2.567e-05,2.681e-05,7327847.0,2020-04-02 16:14:59.999,219.02554985,10726,3251640.0,97.22238063,0
94715,GRSBTC,2020-12-19 03:00:00,3.003e-05,3.845e-05,2.54e-05,2.65e-05,5222264.0,2020-12-19 03:14:59.999,155.87098565,6944,2554803.0,76.60330828,0
128474,GRSBTC,2021-12-06 16:00:00,1.496e-05,2.179e-05,1.496e-05,1.569e-05,4090335.0,2021-12-06 16:14:59.999,74.20173325,14143,2540499.0,46.60294925,0
18670,GTCBTC,2021-12-22 04:00:00,0.0001987,0.00036,0.0001987,0.0002357,151360.2,2021-12-22 04:14:59.999,35.93719594,5387,79730.4,19.23337765,0
104994,GTOBTC,2020-12-20 16:00:00,7.2e-07,8.6e-07,6.5e-07,6.8e-07,61112477.0,2020-12-20 16:14:59.999,45.69928913,4353,31395513.0,23.65126162,0
135057,GTOBTC,2021-10-30 17:00:00,1.07e-06,1.23e-06,9.6e-07,9.8e-07,35446569.0,2021-10-30 17:14:59.999,39.05054583,4109,15863060.0,17.9062018,0
5596,GVTBTC,2018-01-13 20:00:00,0.0020413,0.00377,0.0020412,0.0021,336112.28,2018-01-13 20:14:59.999,983.45219371,19305,185075.98,554.47318605,0
111321,GVTBTC,2021-01-23 21:00:00,9.05e-05,0.000175,7.7e-05,8.39e-05,1766287.68,2021-01-23 21:14:59.999,199.67113342,22587,975874.12,118.32433136,0
113988,GVTBTC,2021-02-20 17:00:00,9.19e-05,0.0001651,9.1e-05,9.1e-05,751381.23,2021-02-20 17:14:59.999,90.6082256,18712,432986.51,54.59019362,0
89959,GXSBTC,2020-06-15 16:00:00,6.509e-05,8.306e-05,6.046e-05,6.181e-05,2479440.0,2020-06-15 16:14:59.999,167.53469827,10359,1135214.0,77.59621309,0
131912,GXSBTC,2021-08-27 16:00:00,1.515e-05,1.856e-05,1.382e-05,1.482e-05,2454096.0,2021-08-27 16:14:59.999,37.89712709,5521,1284167.0,20.04469732,0
34526,HCBTC,2019-08-17 13:00:00,0.000219,0.00035,0.0002189,0.0002321,182822.0,2019-08-17 13:14:59.999,42.66753098,4462,82871.27,19.81504659,0
79050,HOTBTC,2020-10-26 21:00:00,3e-08,4e-08,3e-08,3e-08,2577607.0,2020-10-26 21:14:59.999,0.08944342,11,1211521.0,0.04846084,0
79950,HOTBTC,2020-11-05 06:00:00,3e-08,4e-08,3e-08,3e-08,2654630.0,2020-11-05 06:14:59.999,0.08222864,5,258974.0,0.01035896,0
79958,HOTBTC,2020-11-05 08:00:00,3e-08,4e-08,3e-08,3e-08,109002267.0,2020-11-05 08:14:59.999,3.27063387,13,56586.0,0.00226344,0
80102,HOTBTC,2020-11-06 20:00:00,3e-08,4e-08,2e-08,3e-08,564955851.0,2020-11-06 20:14:59.999,16.95006411,252,557178988.0,16.71697925,0
80122,HOTBTC,2020-11-07 01:00:00,3e-08,4e-08,3e-08,3e-08,17645027.0,2020-11-07 01:14:59.999,0.6831137,25,15376289.0,0.61505156,0
80246,HOTBTC,2020-11-08 08:00:00,3e-08,4e-08,3e-08,3e-08,1879197.0,2020-11-08 08:14:59.999,0.06157872,5,520281.0,0.02081124,0
80638,HOTBTC,2020-11-12 10:00:00,3e-08,4e-08,3e-08,3e-08,447586484.0,2020-11-12 10:14:59.999,13.42771323,572,14873797.0,0.44633262,0
80862,HOTBTC,2020-11-14 18:00:00,3e-08,4e-08,3e-08,3e-08,136106445.0,2020-11-14 18:14:59.999,4.19221269,375,124468011.0,3.84305967,0
80926,HOTBTC,2020-11-15 10:00:00,3e-08,4e-08,3e-08,3e-08,7414218.0,2020-11-15 10:14:59.999,0.24446234,15,2203580.0,0.0881432,0
81638,HOTBTC,2020-11-22 20:00:00,3e-08,4e-08,3e-08,3e-08,16906090.0,2020-11-22 20:14:59.999,0.58039239,14,7320969.0,0.29283876,0
81786,HOTBTC,2020-11-24 09:00:00,3e-08,4e-08,3e-08,3e-08,20854958.0,2020-11-24 09:14:59.999,0.81448299,30,18883425.0,0.755337,0
81914,HOTBTC,2020-11-25 17:00:00,3e-08,4e-08,3e-08,3e-08,13009919.0,2020-11-25 17:14:59.999,0.41602767,9,2573010.0,0.1029204,0
81938,HOTBTC,2020-11-25 23:00:00,3e-08,4e-08,3e-08,3e-08,4661017.0,2020-11-25 23:14:59.999,0.17000384,6,3017333.0,0.12069332,0
82242,HOTBTC,2020-11-29 03:00:00,3e-08,4e-08,3e-08,3e-08,1154571.0,2020-11-29 03:14:59.999,0.03468713,3,5000.0,0.0002,0
82642,HOTBTC,2020-12-03 08:00:00,3e-08,4e-08,3e-08,3e-08,1188558.0,2020-12-03 08:14:59.999,0.0382779,7,262116.0,0.01048464,0
82830,HOTBTC,2020-12-05 07:00:00,3e-08,4e-08,3e-08,3e-08,897918.0,2020-12-05 07:14:59.999,0.02732577,6,38823.0,0.00155292,0
82874,HOTBTC,2020-12-05 18:00:00,3e-08,4e-08,3e-08,3e-08,17854078.0,2020-12-05 18:14:59.999,0.53589704,6,27470.0,0.0010988,0
83190,HOTBTC,2020-12-09 01:00:00,3e-08,4e-08,2e-08,3e-08,737703499.0,2020-12-09 01:14:59.999,22.11120055,1384,15443451.0,0.46762823,0
83838,HOTBTC,2020-12-15 19:00:00,3e-08,4e-08,3e-08,3e-08,17842211.0,2020-12-15 19:14:59.999,0.54593041,45,1066408.0,0.04265632,0
83842,HOTBTC,2020-12-15 20:00:00,3e-08,4e-08,3e-08,3e-08,51383915.0,2020-12-15 20:14:59.999,1.55163074,46,1011329.0,0.04045316,0
83858,HOTBTC,2020-12-16 00:00:00,3e-08,4e-08,2e-08,3e-08,280872761.0,2020-12-16 00:14:59.999,8.43118049,529,5735180.0,0.17711114,0
84102,HOTBTC,2020-12-18 13:00:00,2e-08,3e-08,2e-08,2e-08,17542334.0,2020-12-18 13:14:59.999,0.52288342,18,17203674.0,0.51611022,0
84158,HOTBTC,2020-12-19 03:00:00,2e-08,3e-08,2e-08,2e-08,10767607.0,2020-12-19 03:14:59.999,0.21687381,8,152167.0,0.00456501,0
84218,HOTBTC,2020-12-19 18:00:00,2e-08,3e-08,2e-08,2e-08,23262160.0,2020-12-19 18:14:59.999,0.55334411,29,8810091.0,0.26430273,0
84230,HOTBTC,2020-12-19 21:00:00,2e-08,3e-08,2e-08,2e-08,22414713.0,2020-12-19 21:14:59.999,0.5565312,14,10823694.0,0.32471082,0
84362,HOTBTC,2020-12-21 06:00:00,2e-08,3e-08,2e-08,2e-08,1795863.0,2020-12-21 06:14:59.999,0.05338954,10,1747228.0,0.05241684,0
84542,HOTBTC,2020-12-23 07:00:00,2e-08,3e-08,2e-08,2e-08,8979287.0,2020-12-23 07:14:59.999,0.22353756,22,4395182.0,0.13185546,0
84590,HOTBTC,2020-12-23 19:00:00,2e-08,3e-08,2e-08,2e-08,12870336.0,2020-12-23 19:14:59.999,0.32389077,15,6648405.0,0.19945215,0
84882,HOTBTC,2020-12-26 21:00:00,2e-08,3e-08,2e-08,2e-08,11914644.0,2020-12-26 21:14:59.999,0.24440292,22,611004.0,0.01833012,0
84934,HOTBTC,2020-12-27 10:00:00,2e-08,3e-08,2e-08,2e-08,68032971.0,2020-12-27 10:14:59.999,1.77060582,76,40994640.0,1.2298392,0
85114,HOTBTC,2020-12-29 07:00:00,2e-08,3e-08,2e-08,2e-08,11592359.0,2020-12-29 07:14:59.999,0.27844977,16,4660259.0,0.13980777,0
85682,HOTBTC,2021-01-04 05:00:00,2e-08,3e-08,2e-08,2e-08,15965023.0,2021-01-04 05:14:59.999,0.32030046,55,100000.0,0.003,0
86086,HOTBTC,2021-01-08 10:00:00,2e-08,3e-08,2e-08,2e-08,52775358.0,2021-01-08 10:14:59.999,1.0566215,134,111434.0,0.00334302,0
86566,HOTBTC,2021-01-13 10:00:00,2e-08,3e-08,1e-08,2e-08,1042760539.0,2021-01-13 10:14:59.999,20.88116893,973,105515967.0,2.14911736,0
6351,ICNBTC,2017-12-28 15:00:00,0.00015501,0.00028675,0.00015196,0.00017356,679147.0,2017-12-28 15:14:59.999,141.7807505,3861,299917.0,66.07197353,0
7816,ICNBTC,2018-01-12 23:00:00,0.00028512,0.00039948,0.00028,0.00028311,322191.0,2018-01-12 23:14:59.999,107.34331224,4030,162173.0,55.02643562,0
8080,ICNBTC,2018-01-15 17:00:00,0.00029383,0.0005625,0.00029,0.00034002,1869383.0,2018-01-15 17:14:59.999,761.49890133,15536,1006319.0,427.24064051,0
10160,ICNBTC,2018-02-06 09:00:00,0.00016954,0.00022104,0.00016954,0.00017336,37682.0,2018-02-06 09:14:59.999,7.17834552,113,30361.0,5.92477743,0
15536,ICNBTC,2018-04-04 19:00:00,0.0001293,0.00027,0.00012909,0.00019885,4034582.0,2018-04-04 19:14:59.999,868.6857842,21645,2037319.0,433.32804555,0
23545,ICNBTC,2018-06-27 17:00:00,9.764e-05,0.00012894,9.764e-05,0.00010257,1008727.0,2018-06-27 17:14:59.999,115.98583607,3581,520589.0,59.88122553,0
28507,ICNBTC,2018-08-18 17:00:00,8.785e-05,0.000118,8.4e-05,8.4e-05,1327793.0,2018-08-18 17:14:59.999,133.25658068,4429,608679.0,61.38354699,0
12592,IDEXBTC,2020-12-31 17:00:00,1.3e-06,2.7e-06,1.3e-06,1.68e-06,55453917.0,2020-12-31 17:14:59.999,103.54632161,9393,36529422.0,67.84129927,0
23593,IDEXBTC,2021-04-25 17:00:00,3.28e-06,5e-06,2.64e-06,2.88e-06,161405891.0,2021-04-25 17:14:59.999,629.93341939,76186,86314660.0,342.82389672,0
36427,IDEXBTC,2021-09-06 14:00:00,4.61e-06,8e-06,4.61e-06,6.21e-06,43797241.0,2021-09-06 14:14:59.999,254.99175885,24488,23755037.0,138.33054573,0
43231,IDEXBTC,2021-11-16 13:00:00,4.43e-06,5.98e-06,4.42e-06,4.59e-06,2739034.0,2021-11-16 13:14:59.999,12.97089337,3010,1935294.0,9.27877866,0
1368,ILVBTC,2021-10-06 14:00:00,0.01289,0.01673,0.01213,0.01263,1761.372,2021-10-06 14:14:59.999,23.67982969,3473,680.693,9.0999089,0
41324,ILVBTC,2022-11-26 19:00:00,0.00239,0.00313,0.00239,0.00246,8385.527,2022-11-26 19:14:59.999,23.99379735,1905,6418.643,18.88345694,0
2760,IMXBTC,2022-02-08 04:00:00,6.768e-05,9.668e-05,6.768e-05,7.323e-05,915448.68,2022-02-08 04:14:59.999,69.08251282,4464,531496.52,39.8164009,0
17136,JOEBTC,2022-06-24 23:00:00,1.334e-05,2.031e-05,1.325e-05,1.516e-05,603293.18,2022-06-24 23:14:59.999,9.50246815,2122,331138.4,5.2297967,0
26081,JSTBTC,2021-05-10 14:00:00,2.3e-06,3.19e-06,2.28e-06,2.31e-06,6839489.0,2021-05-10 14:14:59.999,17.89204368,1939,4128628.0,10.86752792,0
4436,JUVBTC,2021-02-05 16:00:00,0.0002137,0.0002724,0.0002086,0.0002086,40048.23,2021-02-05 16:14:59.999,8.9049789,2738,18815.65,4.25967573,0
5019,JUVBTC,2021-02-11 19:00:00,0.0002063,0.0003699,0.0001947,0.0001981,263594.04,2021-02-11 19:14:59.999,64.87061317,14315,121354.67,31.88853555,0
7213,JUVBTC,2021-03-06 17:00:00,0.000198,0.000252,0.0001963,0.0002,147309.89,2021-03-06 17:14:59.999,32.4719447,12049,69936.39,15.61550217,0
285,KEYBTC,2018-06-30 07:00:00,4.9e-06,7.77e-06,4.67e-06,5.6e-06,721884297.0,2018-06-30 07:14:59.999,4043.54588496,26529,349109075.0,1956.90681941,0
49064,KEYBTC,2019-11-22 07:00:00,4.9e-07,6.9e-07,4.8e-07,5e-07,1260813445.0,2019-11-22 07:14:59.999,694.77266851,4692,381704695.0,205.51200777,0
5586,KMDBTC,2018-01-04 16:00:00,0.0006722,0.0012598,0.0006716,0.00073,369919.02,2018-01-04 16:14:59.999,331.18244527,6867,219095.68,201.46014343,0
142162,KMDBTC,2021-12-02 18:00:00,2.391e-05,2.98e-05,2.244e-05,2.262e-05,1564210.0,2021-12-02 18:14:59.999,40.59368608,9173,823959.0,21.53551273,0
31410,KNCBTC,2018-08-21 17:00:00,0.00010986,0.000121,8.604e-05,8.646e-05,2276267.0,2018-08-21 17:14:59.999,224.17788532,7235,962205.0,95.82483549,0
60868,KNCBTC,2019-06-25 17:00:00,2.529e-05,3.788e-05,2.526e-05,2.578e-05,7550316.0,2019-06-25 17:14:59.999,219.87738225,9792,3820612.0,112.65142845,0
26984,LAZIOBTC,2022-07-29 14:00:00,0.00013849,0.00015968,0.00012027,0.00012473,31882.5,2022-07-29 14:14:59.999,4.3525115,1316,14935.68,2.0816321,0
12348,LDOBTC,2022-09-15 02:00:00,8.825e-05,0.00011531,8.7e-05,8.738e-05,240607.13,2022-09-15 02:14:59.999,22.00709997,3640,138452.64,12.68539936,0
23460,LDOBTC,2023-01-08 20:00:00,9.763e-05,0.00015432,9.75e-05,0.00011666,345039.59,2023-01-08 20:14:59.999,41.0229142,5819,166943.38,19.24540525,0
29172,LOKABTC,2022-11-20 09:00:00,2.079e-05,3.2e-05,2.079e-05,2.384e-05,748465.3,2022-11-20 09:14:59.999,19.90121264,4850,407354.4,10.93801581,0
29176,LOKABTC,2022-11-20 10:00:00,3.379e-05,4.1e-05,2.9e-05,3e-05,524508.0,2022-11-20 10:14:59.999,18.68210073,5339,242991.2,8.69135875,0
106847,LOOMBTC,2021-05-23 00:00:00,2.85e-06,3.6e-06,2.52e-06,2.53e-06,25617369.0,2021-05-23 00:14:59.999,80.99031743,11453,14533264.0,46.29599324,0
61238,LRCBTC,2019-07-25 20:00:00,4.05e-06,7.2e-06,4.05e-06,4.37e-06,21079905.0,2019-07-25 20:14:59.999,104.46165423,5900,10304681.0,51.90498237,0
6693,LSKBTC,2018-01-31 06:00:00,0.0036152,0.0039999,0.002866,0.002866,391516.9,2018-01-31 06:14:59.999,1311.45061394,13389,173076.97,587.6562946,0
77490,LUNBTC,2020-03-18 19:00:00,9.07e-05,0.0001105,8.8e-05,8.83e-05,173669.41,2020-03-18 19:14:59.999,16.65812207,1194,79136.67,7.73366667,0
14233,MANABTC,2018-04-22 22:00:00,2.197e-05,3.3e-05,2.174e-05,2.42e-05,35727021.0,2018-04-22 22:14:59.999,943.82362582,20422,19834544.0,524.16472453,0
21106,MANABTC,2018-07-04 00:00:00,3.743e-05,4.222e-05,1.811e-05,1.872e-05,68273291.0,2018-07-04 00:14:59.999,1766.0745587,14225,36816162.0,930.69684695,0
30856,MBLBTC,2021-01-08 14:00:00,3e-08,4e-08,3e-08,3e-08,1390871.0,2021-01-08 14:14:59.999,0.05454976,12,1282363.0,0.05129452,0
11907,MDABTC,2018-02-06 08:00:00,0.00013644,0.00021049,0.00013566,0.00014813,157321.0,2018-02-06 08:14:59.999,28.992253,484,152662.0,28.30070015,0
113440,MDABTC,2021-01-03 17:00:00,2.321e-05,2.652e-05,1.606e-05,1.701e-05,1631224.0,2021-01-03 17:14:59.999,34.59944003,5471,881532.0,19.40857051,0
116060,MDABTC,2021-01-31 00:00:00,2.997e-05,3.447e-05,1.91e-05,2.035e-05,3389376.0,2021-01-31 00:14:59.999,86.70217585,10801,1686733.0,44.89318126,0
116440,MDABTC,2021-02-03 23:00:00,2.203e-05,3.22e-05,1.964e-05,2.008e-05,3212177.0,2021-02-03 23:14:59.999,76.14570989,12109,1927473.0,46.48084802,0
117104,MDABTC,2021-02-10 21:00:00,2.051e-05,7.838e-05,1.9e-05,1.91e-05,9293857.0,2021-02-10 21:14:59.999,335.45456245,60284,4832480.0,185.1974591,0
120821,MDABTC,2021-03-21 17:00:00,2.999e-05,3.98e-05,1.718e-05,2.179e-05,3798536.0,2021-03-21 17:14:59.999,93.82542312,12119,1744305.0,47.15593221,0
144471,MDABTC,2021-11-23 15:00:00,1.605e-05,2.211e-05,1.2e-05,1.285e-05,7842445.0,2021-11-23 15:14:59.999,129.99419545,23522,4214893.0,71.88488219,0
38410,MDXBTC,2022-06-28 18:00:00,4.16e-06,5.35e-06,4.13e-06,4.19e-06,344923.9,2022-06-28 18:14:59.999,1.53514223,247,232591.7,1.06149096,0
62,MIRBTC,2021-04-20 05:00:00,0.0001618,0.0002441,0.0001614,0.0001686,185339.38,2021-04-20 05:14:59.999,33.73695207,3357,127410.66,23.7122872,0
1436,MIRBTC,2021-05-04 17:00:00,0.0001829,0.00028,0.0001823,0.0002152,528593.23,2021-05-04 17:14:59.999,113.99939712,9898,180944.85,38.87916717,0
38130,MIRBTC,2022-05-22 05:00:00,9.9e-06,1.22e-05,9.23e-06,9.64e-06,629744.0,2022-05-22 05:14:59.999,6.43323614,1467,228700.8,2.36213672,0
49118,MIRBTC,2022-09-13 16:00:00,1.283e-05,1.899e-05,1.283e-05,1.501e-05,1776887.8,2022-09-13 16:14:59.999,27.25380403,5428,889130.7,13.64200744,0
79967,MITHBTC,2021-02-27 17:00:00,4.3e-07,6.4e-07,4.3e-07,5.1e-07,247416293.0,2021-02-27 17:14:59.999,131.12646885,14993,139902835.0,74.08281826,0
124367,MITHBTC,2022-06-05 20:00:00,8.4e-07,1.04e-06,7.9e-07,8.1e-07,34597837.0,2022-06-05 20:14:59.999,30.84533506,4339,21810601.0,19.56083481,0
5400,MKRBTC,2020-09-17 20:00:00,0.044197,0.060232,0.044197,0.045685,4513.407,2020-09-17 20:14:59.999,217.08616907,8715,2078.282,100.49801135,0
62967,MKRBTC,2022-05-11 10:00:00,0.05587,0.07,0.04968,0.05379,379.2082,2022-05-11 10:14:59.999,21.84094765,3065,210.7705,12.26954766,0
23258,MLNBTC,2022-03-04 19:00:00,0.001479,0.001888,0.00139,0.001439,12257.142,2022-03-04 19:14:59.999,19.96009578,3181,7411.969,12.22166215,0
30158,MLNBTC,2022-05-15 16:00:00,0.001018,0.002912,0.001018,0.00189,49947.197,2022-05-15 16:14:59.999,94.12947144,13572,26329.6,49.66105093,0
33606,MLNBTC,2022-06-20 14:00:00,0.001357,0.001951,0.00105,0.00124,24262.936,2022-06-20 14:14:59.999,34.42683382,4696,10298.123,14.79206091,0
20296,MOBBTC,2022-11-26 20:00:00,0.00015992,0.00022929,0.000146,0.00015866,352790.59,2022-11-26 20:14:59.999,65.16058803,10401,132365.64,24.79557472,0
9613,MODBTC,2018-02-12 19:00:00,0.0004371,0.000589,0.0004371,0.00045,542602.47,2018-02-12 19:14:59.999,274.0082856,6640,288447.98,148.98268792,0
13157,MODBTC,2018-03-21 17:00:00,0.000288,0.0003651,0.000282,0.0002872,698489.99,2018-03-21 17:14:59.999,223.24942327,6436,376111.81,120.50616364,0
12,MOVRBTC,2021-11-08 09:00:00,0.006269,0.0095,0.00615,0.006371,790.756,2021-11-08 09:14:59.999,5.14943117,937,465.888,3.0952438,0
64978,MTHBTC,2019-08-24 20:00:00,1.9e-06,2.42e-06,1.71e-06,1.92e-06,36455921.0,2019-08-24 20:14:59.999,73.21515051,3500,19345179.0,39.00830706,0
115474,MTHBTC,2021-02-01 21:00:00,4.2e-07,1.07e-06,4.2e-07,4.7e-07,306236344.0,2021-02-01 21:14:59.999,187.79369364,19964,181732678.0,115.38610089,0
115938,MTHBTC,2021-02-06 17:00:00,4.7e-07,8.3e-07,4.3e-07,4.3e-07,163648629.0,2021-02-06 17:14:59.999,88.66240418,13345,100602590.0,56.49486106,0
118141,MTHBTC,2021-03-01 17:00:00,5.5e-07,6.8e-07,4.8e-07,4.9e-07,113425485.0,2021-03-01 17:14:59.999,64.00747148,7294,48630869.0,28.27532747,0
142177,MTHBTC,2021-11-07 17:00:00,5.9e-07,1.33e-06,5.9e-07,8e-07,226906200.0,2021-11-07 17:14:59.999,232.35952471,44685,125349865.0,127.01977325,0
320,MTLBTC,2017-10-12 16:00:00,0.00135,0.001749,0.00135,0.00135,629.96,2017-10-12 16:14:59.999,0.88666717,65,100.0,0.17119151,0
768,MTLBTC,2017-10-17 08:00:00,0.00145,0.00195,0.001226,0.001324,291.05,2017-10-17 08:14:59.999,0.45706378,25,186.86,0.32284414,0
24560,NASBTC,2019-03-11 22:00:00,0.0002314,0.000258,0.0001979,0.0002045,1152572.26,2019-03-11 22:14:59.999,263.49206052,9634,472427.28,109.77735761,0
67190,NASBTC,2020-05-30 16:00:00,3.72e-05,7e-05,3.72e-05,4.57e-05,3789016.7,2020-05-30 16:14:59.999,206.3543843,11011,1714931.88,93.48766457,0
87036,NASBTC,2020-12-23 18:00:00,1.39e-05,1.7e-05,1.32e-05,1.36e-05,2705844.84,2020-12-23 18:14:59.999,40.28376411,3561,1944747.9,29.17095264,0
89156,NASBTC,2021-01-14 21:00:00,7.5e-06,2e-05,7.2e-06,7.3e-06,3417521.42,2021-01-14 21:14:59.999,32.37019284,5731,1723492.0,17.94043711,0
110203,NASBTC,2021-08-22 17:00:00,1.32e-05,3.24e-05,1.26e-05,1.41e-05,27006492.64,2021-08-22 17:14:59.999,547.82481417,59994,14181511.34,296.32802285,0
118251,NASBTC,2021-11-14 15:00:00,8.9e-06,1.42e-05,8.5e-06,8.5e-06,12720054.0,2021-11-14 15:14:59.999,137.8005882,22184,6517085.0,73.2436803,0
134471,NASBTC,2022-05-02 14:00:00,5.9e-06,7.1e-06,5.5e-06,5.6e-06,5998090.0,2022-05-02 14:14:59.999,37.4192387,5011,3848538.0,24.2144201,0
1086,NAVBTC,2018-01-07 18:00:00,0.0002481,0.0005,0.0002481,0.00031,1483301.26,2018-01-07 18:14:59.999,547.53721858,11478,759847.74,283.54304352,0
6606,NAVBTC,2018-03-07 16:00:00,0.0001611,0.00023,0.0001569,0.0001728,816428.55,2018-03-07 16:14:59.999,152.06490063,5439,418600.42,78.86064205,0
25645,NAVBTC,2018-09-22 19:00:00,4.06e-05,9.23e-05,4.06e-05,7.02e-05,5286952.35,2018-09-22 19:14:59.999,373.23226098,12110,2645899.72,183.82398564,0
108435,NAVBTC,2021-02-03 17:00:00,7.69e-06,1.4e-05,7.05e-06,7.88e-06,12054221.0,2021-02-03 17:14:59.999,116.63874843,19050,7763657.0,76.24998948,0
112168,NAVBTC,2021-03-14 17:00:00,8.97e-06,1.097e-05,8.41e-06,8.51e-06,3318441.0,2021-03-14 17:14:59.999,31.50167745,10145,1878036.0,18.07650144,0
1016,NBSBTC,2020-10-02 00:00:00,7.1e-07,1.06e-06,7e-07,8.3e-07,132464422.0,2020-10-02 00:14:59.999,120.43170459,2945,104806556.0,96.26249807,0
71367,NCASHBTC,2020-03-13 16:00:00,7e-08,8e-08,6e-08,6e-08,56580030.0,2020-03-13 16:14:59.999,3.8853975,123,12580286.0,0.88062288,0
40899,NEARBTC,2021-12-15 04:00:00,0.00019157,0.00036277,0.00019157,0.00024015,1483530.15,2021-12-15 04:14:59.999,411.18043381,24612,799949.34,228.09858088,0
51664,NEBLBTC,2019-06-16 21:00:00,0.0001481,0.0002436,0.000148,0.0001768,1873823.11,2019-06-16 21:14:59.999,381.10159492,13397,1065416.35,217.00020497,0
105868,NEBLBTC,2021-01-02 21:00:00,2.749e-05,0.0002781,2.749e-05,2.96e-05,8064706.37,2021-01-02 21:14:59.999,623.60805294,65736,4217624.87,370.30505848,0
109895,NEBLBTC,2021-02-13 21:00:00,5.289e-05,0.0001,4.671e-05,5.016e-05,3571592.0,2021-02-13 21:14:59.999,220.20898583,32636,1940697.0,127.41399032,0
113329,NEBLBTC,2021-03-21 17:00:00,5.158e-05,6e-05,4.3e-05,4.538e-05,1225797.0,2021-03-21 17:14:59.999,61.61872464,10395,537928.0,28.22911239,0
128251,NEBLBTC,2021-08-24 15:00:00,4.344e-05,6.579e-05,3.6e-05,3.623e-05,3681869.0,2021-08-24 15:14:59.999,181.70938869,30954,1688611.0,86.64039749,0
153583,NEBLBTC,2022-05-15 14:00:00,6.86e-06,9.21e-06,6.21e-06,6.65e-06,281700.6,2022-05-15 14:14:59.999,1.91039908,381,217417.6,1.49288757,0
264,NKNBTC,2019-10-14 08:00:00,5.65e-06,9.09e-06,4.82e-06,5.49e-06,137336021.0,2019-10-14 08:14:59.999,936.52879984,9244,72828127.0,481.9920197,0
2740,NKNBTC,2019-11-09 03:00:00,3.99e-06,4.92e-06,3.76e-06,3.93e-06,82599485.0,2019-11-09 03:14:59.999,338.54806658,5393,54638801.0,221.99637049,0
100051,NKNBTC,2022-08-20 12:00:00,7.76e-06,8.78e-06,5.96e-06,6.67e-06,7578522.0,2022-08-20 12:14:59.999,52.08010758,10138,3593956.0,24.88817536,0
42077,NPXSBTC,2019-09-04 16:00:00,3e-08,4e-08,3e-08,3e-08,26528274.0,2019-09-04 16:14:59.999,0.95377272,23,15792450.0,0.631698,0
42225,NPXSBTC,2019-09-06 05:00:00,3e-08,4e-08,3e-08,3e-08,37009463.0,2019-09-06 05:14:59.999,1.22004814,16,10976425.0,0.439057,0
42641,NPXSBTC,2019-09-10 13:00:00,3e-08,4e-08,3e-08,3e-08,1963456.0,2019-09-10 13:14:59.999,0.07389076,13,1498708.0,0.05994832,0
43165,NPXSBTC,2019-09-16 00:00:00,3e-08,4e-08,3e-08,3e-08,8272013.0,2019-09-16 00:14:59.999,0.24826039,3,10000.0,0.0004,0
43593,NPXSBTC,2019-09-20 11:00:00,3e-08,4e-08,3e-08,3e-08,1198081.0,2019-09-20 11:14:59.999,0.03688663,13,94420.0,0.0037768,0
44009,NPXSBTC,2019-09-24 19:00:00,3e-08,4e-08,3e-08,3e-08,32128433.0,2019-09-24 19:14:59.999,0.9647539,11,90091.0,0.00360364,0
44089,NPXSBTC,2019-09-25 15:00:00,3e-08,4e-08,3e-08,3e-08,9488213.0,2019-09-25 15:14:59.999,0.28521326,25,56687.0,0.00226748,0
44521,NPXSBTC,2019-09-30 03:00:00,3e-08,4e-08,3e-08,3e-08,59030650.0,2019-09-30 03:14:59.999,1.7726809,57,176140.0,0.0070456,0
2647,NXSBTC,2018-07-04 19:00:00,0.0002017,0.0003045,0.0002017,0.0002244,947034.89,2018-07-04 19:14:59.999,231.92747674,4550,536663.09,133.85725186,0
46181,NXSBTC,2019-10-02 18:00:00,2.571e-05,3.1e-05,2.448e-05,2.448e-05,2173406.0,2019-10-02 18:14:59.999,60.93817139,4979,1126468.94,32.2879902,0
89473,NXSBTC,2020-12-27 18:00:00,8.69e-06,1.19e-05,8.4e-06,8.66e-06,1173118.0,2020-12-27 18:14:59.999,11.68919218,2247,687668.0,6.91903756,0
92657,NXSBTC,2021-01-29 22:00:00,2.05e-05,2.973e-05,1.574e-05,1.731e-05,5029672.0,2021-01-29 22:14:59.999,105.52440275,13031,2373518.0,50.88252737,0
94840,NXSBTC,2021-02-21 17:00:00,2.986e-05,0.0001,2.986e-05,3.929e-05,14741552.0,2021-02-21 17:14:59.999,821.93394638,118410,8269301.0,465.50354562,0
103830,NXSBTC,2021-05-26 17:00:00,2.483e-05,3.631e-05,2.15e-05,2.184e-05,5427536.0,2021-05-26 17:14:59.999,158.11354734,29783,2785862.0,83.96770401,0
115232,NXSBTC,2021-09-22 16:00:00,1.391e-05,2.07e-05,1.391e-05,1.599e-05,3914966.0,2021-09-22 16:14:59.999,70.68561418,10173,2398048.0,43.57513127,0
6630,OAXBTC,2017-12-31 13:00:00,7.21e-05,0.0001988,7.21e-05,0.000102,2551708.0,2017-12-31 13:14:59.999,316.76739488,6335,1299823.0,165.19413164,0
8851,OAXBTC,2018-01-23 18:00:00,0.000134,0.000155,0.00011112,0.00011498,753899.0,2018-01-23 18:14:59.999,97.95003152,1877,309695.0,41.91347773,0
8955,OAXBTC,2018-01-24 20:00:00,0.00011547,0.00015055,0.0001115,0.00011262,1558203.0,2018-01-24 20:14:59.999,209.21845113,5505,760043.0,104.34945033,0
93564,OAXBTC,2020-06-28 16:00:00,4.8e-06,7.19e-06,4.8e-06,5.54e-06,19850138.0,2020-06-28 16:14:59.999,122.32939139,5968,11385439.0,69.6871338,0
125761,OAXBTC,2021-05-30 17:00:00,1.106e-05,1.4e-05,8.11e-06,8.13e-06,37362710.0,2021-05-30 17:14:59.999,424.88301128,54902,18356880.0,213.66275937,0
128457,OAXBTC,2021-06-27 19:00:00,3.15e-06,4.12e-06,3.15e-06,3.29e-06,1954858.0,2021-06-27 19:14:59.999,7.22662595,1721,1302550.0,4.83533408,0
136495,OAXBTC,2021-09-19 17:00:00,4.8e-06,6.31e-06,4e-06,4.31e-06,7107703.0,2021-09-19 17:14:59.999,34.19312659,4197,2951818.0,15.14886905,0
4179,OGBTC,2021-02-11 20:00:00,0.0001219,0.000168,0.0001179,0.0001319,84609.59,2021-02-11 20:14:59.999,11.17233751,4796,40544.93,5.48342381,0
5143,OGBTC,2021-02-21 21:00:00,0.0001262,0.0001747,0.00012,0.00012,98025.99,2021-02-21 21:14:59.999,12.87706854,5678,44952.08,6.14070454,0
6369,OGBTC,2021-03-06 17:00:00,9.91e-05,0.00016,9.8e-05,0.0001217,491604.09,2021-03-06 17:14:59.999,63.81012188,15366,249915.23,32.32734128,0
34751,OGBTC,2021-12-27 22:00:00,0.0001103,0.0001411,0.0001009,0.0001009,187887.7,2021-12-27 22:14:59.999,22.76344849,7020,87883.9,10.75012207,0
57276,ONGBTC,2020-10-06 21:00:00,1.054e-05,1.6e-05,1.053e-05,1.26e-05,1470121.0,2020-10-06 21:14:59.999,19.32169188,2038,933132.0,12.27047222,0
66544,ONGBTC,2021-01-11 16:00:00,6.4e-06,8.5e-06,6.14e-06,6.46e-06,6746033.0,2021-01-11 16:14:59.999,46.60320037,5651,3324868.0,23.25986675,0
11716,ORNBTC,2021-01-30 13:00:00,0.0001062,0.0001389,0.0001049,0.0001075,157046.76,2021-01-30 13:14:59.999,17.47186168,2376,78869.71,8.81705949,0
107439,OSTBTC,2021-01-16 05:00:00,5.6e-07,7.2e-07,5.4e-07,5.4e-07,15591090.0,2021-01-16 05:14:59.999,9.13973898,1023,7300447.0,4.4987878,0
7950,PHABTC,2021-05-19 13:00:00,2.264e-05,2.572e-05,1.417e-05,1.931e-05,487773.0,2021-05-19 13:14:59.999,9.07635212,1748,177149.0,3.49747126,0
121959,PHBBTC,2022-11-20 16:00:00,6.881e-05,9.142e-05,5.453e-05,5.6e-05,911544.5,2022-11-20 16:14:59.999,61.45259491,7756,401830.6,27.59702115,0
999,PIVXBTC,2018-02-02 13:00:00,0.0005992,0.0008,0.0005991,0.0006347,9516.64,2018-02-02 13:14:59.999,6.74336329,217,7424.24,5.44090563,0
102896,PIVXBTC,2021-01-03 17:00:00,1.02e-05,1.423e-05,9.9e-06,1.116e-05,637415.0,2021-01-03 17:14:59.999,7.81643209,1482,411767.0,5.10483915,0
110949,PIVXBTC,2021-03-28 17:00:00,5.099e-05,0.00011612,3.9e-05,4.069e-05,18386156.0,2021-03-28 17:14:59.999,1306.16425878,163740,9723439.0,721.70235444,0
26712,PLABTC,2022-08-28 12:00:00,1.812e-05,2.65e-05,1.811e-05,2.023e-05,1133799.69,2022-08-28 12:14:59.999,23.54389705,3542,637338.84,13.22917794,0
15898,PNTBTC,2020-12-04 23:00:00,1.923e-05,3.258e-05,1.921e-05,2.223e-05,2426463.0,2020-12-04 23:14:59.999,62.11932089,6456,1282040.0,33.5763943,0
21438,PNTBTC,2021-01-31 21:00:00,1.584e-05,0.0002,1.584e-05,7.382e-05,17360001.0,2021-01-31 21:14:59.999,1323.90741262,123606,9195888.0,687.92212706,0
65113,PNTBTC,2022-05-02 12:00:00,1.242e-05,1.593e-05,1.152e-05,1.2e-05,805621.0,2022-05-02 12:14:59.999,10.44116589,2705,461520.0,6.04530592,0
43264,POABTC,2019-05-26 21:00:00,3.85e-06,6.96e-06,3.85e-06,5.46e-06,51005876.0,2019-05-26 21:14:59.999,289.03103081,7842,27244771.0,153.09270412,0
50152,POABTC,2019-08-06 16:00:00,1.58e-06,1.93e-06,1.39e-06,1.46e-06,8036984.0,2019-08-06 16:14:59.999,12.98357073,1415,3821424.0,6.35379208,0
105235,POABTC,2021-03-03 21:00:00,1.11e-06,2.3e-06,1.1e-06,1.53e-06,54491220.0,2021-03-03 21:14:59.999,91.96040052,7774,43523262.0,73.39404067,0
127427,POABTC,2021-10-21 16:00:00,6.3e-07,9.7e-07,6.3e-07,7.4e-07,71260961.0,2021-10-21 16:14:59.999,57.00103207,9007,47770056.0,38.35778919,0
7524,POLYBTC,2018-10-17 19:00:00,3.156e-05,5.45e-05,3.15e-05,3.744e-05,9854407.0,2018-10-17 19:14:59.999,406.02106647,13215,5440553.0,226.05826514,0
108653,POLYBTC,2021-09-08 08:00:00,1.618e-05,2.294e-05,1.618e-05,1.643e-05,4824821.0,2021-09-08 08:14:59.999,87.18849817,24923,2343213.0,43.34711096,0
143721,POLYBTC,2022-09-08 17:00:00,1.023e-05,2.495e-05,1.021e-05,1.683e-05,7162937.0,2022-09-08 17:14:59.999,130.99018937,17292,3972901.0,71.70520343,0
58198,POWRBTC,2019-07-03 21:00:00,9.64e-06,1.497e-05,9.64e-06,1.032e-05,19105318.0,2019-07-03 21:14:59.999,232.23106108,10368,8580104.0,105.45020462,0
66094,POWRBTC,2019-09-24 11:00:00,5.75e-06,9.07e-06,5.51e-06,7.21e-06,43303988.0,2019-09-24 11:14:59.999,292.35550361,14334,18963403.0,131.29665347,0
163901,POWRBTC,2022-07-11 00:00:00,1.258e-05,1.73e-05,1.244e-05,1.382e-05,3670185.0,2022-07-11 00:14:59.999,53.3425956,10558,1922753.0,28.16912012,0
3219,PPTBTC,2018-01-03 18:00:00,0.00295,0.008,0.00295,0.0044003,87677.73,2018-01-03 18:14:59.999,382.29501565,7679,45342.74,204.95591973,0
87939,PPTBTC,2020-06-08 16:00:00,4.61e-05,7.7e-05,4.61e-05,6.1e-05,3658643.0,2020-06-08 16:14:59.999,220.649982,10595,2040763.0,123.99037786,0
110461,PPTBTC,2021-01-29 16:00:00,5.123e-05,7.5e-05,5.073e-05,5.381e-05,1015913.0,2021-01-29 16:14:59.999,64.32134549,5787,622207.0,39.74397024,0
114006,PPTBTC,2021-03-07 17:00:00,9.979e-05,0.00035,6.923e-05,8.262e-05,8373357.0,2021-03-07 17:14:59.999,1118.84745034,131267,4553540.0,643.55373809,0
115254,PPTBTC,2021-03-20 17:00:00,5.805e-05,6.5e-05,4.876e-05,5e-05,1171096.0,2021-03-20 17:14:59.999,67.3107736,11196,720220.0,41.88628176,0
28696,PROMBTC,2022-06-29 10:00:00,0.0003211,0.0007918,0.0003157,0.000602,55754.2,2022-06-29 10:14:59.999,27.38105316,5598,27502.23,13.70941425,0
35812,PROMBTC,2022-09-11 13:00:00,0.0003219,0.0004345,0.000319,0.000344,49252.1,2022-09-11 13:14:59.999,18.52488309,4969,24194.6,9.10302983,0
13645,PSGBTC,2021-05-13 00:00:00,0.0005275,0.00074,0.0005275,0.00057,33214.17,2021-05-13 00:14:59.999,21.4633202,4972,18600.19,12.14866043,0
11867,QLCBTC,2018-07-28 19:00:00,5.77e-06,8.09e-06,5.77e-06,6.34e-06,13714568.0,2018-07-28 19:14:59.999,94.7463465,3030,6518513.0,45.25445477,0
51853,QLCBTC,2019-09-19 19:00:00,2.42e-06,2.7e-06,1.96e-06,2.09e-06,38801749.0,2019-09-19 19:14:59.999,87.68708909,4538,14260125.0,31.73370654,0
68589,QLCBTC,2020-03-12 16:00:00,1.42e-06,1.73e-06,1.35e-06,1.35e-06,10401253.0,2020-03-12 16:14:59.999,16.0656733,1634,5227958.0,8.26401967,0
97341,QLCBTC,2021-01-06 16:00:00,4.3e-07,8.9e-07,4.3e-07,7.1e-07,69432793.0,2021-01-06 16:14:59.999,45.32810495,6913,40855117.0,26.91686308,0
107592,QLCBTC,2021-04-23 16:00:00,1.39e-06,2.12e-06,1.39e-06,1.59e-06,51604636.0,2021-04-23 16:14:59.999,94.88554408,12577,27667439.0,51.12974113,0
109302,QLCBTC,2021-05-11 16:00:00,1.38e-06,2e-06,1.38e-06,1.5e-06,49697471.0,2021-05-11 16:14:59.999,82.74066833,11852,30620725.0,51.62176234,0
1492,QUICKBTC,2021-08-07 21:00:00,0.00916,0.01385,0.00908,0.00946,515.556,2021-08-07 21:14:59.999,5.10722455,1347,275.475,2.80440929,0
110571,RCNBTC,2021-01-07 21:00:00,1.42e-06,3.63e-06,1.27e-06,1.35e-06,28123664.0,2021-01-07 21:14:59.999,57.15568398,7303,13569445.0,30.6760837,0
121488,RCNBTC,2021-05-02 00:00:00,2.79e-06,3.46e-06,2.73e-06,2.75e-06,5746256.0,2021-05-02 00:14:59.999,17.30273055,4174,3265225.0,9.90838327,0
97503,RDNBTC,2020-08-25 18:00:00,3.777e-05,5.194e-05,3.777e-05,3.926e-05,1996754.0,2020-08-25 18:14:59.999,91.61133041,8193,1052474.0,49.03049591,0
102583,RDNBTC,2020-10-17 16:00:00,1.92e-05,2.483e-05,1.826e-05,1.908e-05,2651172.0,2020-10-17 16:14:59.999,54.25678433,3638,1497154.0,30.90513433,0
114074,RDNBTC,2021-02-14 16:00:00,1.044e-05,1.4e-05,8.82e-06,9.64e-06,4670942.0,2021-02-14 16:14:59.999,52.50526347,11062,2661904.0,31.07158197,0
116768,RDNBTC,2021-03-14 19:00:00,9.87e-06,1.3e-05,9.14e-06,9.47e-06,5458419.0,2021-03-14 19:14:59.999,59.57793621,19370,2928345.0,33.12568223,0
120702,RDNBTC,2021-04-24 21:00:00,2.58e-05,3.491e-05,2.1e-05,2.213e-05,13838599.0,2021-04-24 21:14:59.999,386.8938531,50109,7001677.0,203.82841323,0
20,REEFBTC,2020-12-29 11:00:00,1.38e-06,1.58e-06,1.2e-06,1.2e-06,136577614.0,2020-12-29 11:14:59.999,192.40158665,11682,60225660.0,86.18233872,0
101403,REQBTC,2020-09-22 00:00:00,2.74e-06,3.13e-06,2.29e-06,2.33e-06,40831690.0,2020-09-22 00:14:59.999,114.0519173,3658,30354959.0,86.06693517,0
1596,RGTBTC,2021-11-21 21:00:00,0.0006907,0.00097,0.0006127,0.0007519,33177.16,2021-11-21 21:14:59.999,24.98507031,3027,13632.88,10.10049203,0
66171,RIFBTC,2022-11-28 12:00:00,1.038e-05,1.325e-05,5.67e-06,7.05e-06,9133938.0,2022-11-28 12:14:59.999,84.76237383,11767,4065675.0,35.99783683,0
776,RNDRBTC,2021-12-05 12:00:00,0.0001046,0.000146,0.0001043,0.0001123,213015.42,2021-12-05 12:14:59.999,25.14295701,3867,117909.33,14.46906468,0
27392,RNDRBTC,2022-09-08 18:00:00,2.97e-05,3.95e-05,2.76e-05,2.78e-05,1046038.99,2022-09-08 18:14:59.999,33.31856801,5551,478194.07,15.22983799,0
1856,RPLBTC,2023-02-06 16:00:00,0.001723,0.003,0.001723,0.001837,5665.47,2023-02-06 16:14:59.999,10.52595284,1986,2059.36,3.87577557,0
5769,SALTBTC,2017-11-29 06:00:00,0.000395,0.000699,0.000395,0.000432,42403.12,2017-11-29 06:14:59.999,19.76985176,182,37232.73,17.60724254,0
9640,SALTBTC,2018-01-08 17:00:00,0.00108,0.001244,0.000972,0.000989,337462.76,2018-01-08 17:14:59.999,380.8407293,4021,163662.0,187.55250437,0
15316,SANDBTC,2021-01-21 08:00:00,1.69e-06,4.61e-06,1.69e-06,3.6e-06,69680927.0,2021-01-21 08:14:59.999,215.64798307,14037,38937981.0,120.39128399,0
94385,SKYBTC,2021-02-03 21:00:00,2.666e-05,0.0004856,2.666e-05,4.8e-05,13204534.0,2021-02-03 21:14:59.999,1397.32054544,149746,7143124.0,810.12838841,0
95324,SKYBTC,2021-02-13 17:00:00,4.86e-05,9.833e-05,4.85e-05,6.107e-05,5551217.0,2021-02-13 17:14:59.999,399.5523251,56319,3094081.0,224.80655245,0
102494,SKYBTC,2021-04-29 18:00:00,5.649e-05,7.586e-05,5.649e-05,5.763e-05,979989.0,2021-04-29 18:14:59.999,64.03446318,21160,560733.0,37.2876132,0
5020,SNGLSBTC,2017-11-10 17:00:00,2.417e-05,3.495e-05,2.344e-05,2.577e-05,584508.0,2017-11-10 17:14:59.999,15.49754555,247,522969.0,13.93255833,0
7962,SNGLSBTC,2017-12-11 09:00:00,8.5e-06,1.086e-05,7.96e-06,8.07e-06,868182.0,2017-12-11 09:14:59.999,7.81392725,434,394093.0,3.51154696,0
11263,SNGLSBTC,2018-01-14 21:00:00,3e-05,3.859e-05,2.959e-05,3.087e-05,9537286.0,2018-01-14 21:14:59.999,318.0901749,6925,5340277.0,178.93878012,0
19375,SNGLSBTC,2018-04-10 19:00:00,8.76e-06,2.295e-05,8.73e-06,1.163e-05,62948449.0,2018-04-10 19:14:59.999,825.25082897,20451,35311237.0,471.24222956,0
115736,SNGLSBTC,2021-01-11 21:00:00,1.5e-07,2.4e-07,1.4e-07,1.8e-07,78506787.0,2021-01-11 21:14:59.999,15.77701535,3062,51222073.0,10.48548765,0
112854,SNMBTC,2020-12-20 13:00:00,5.5e-07,7.9e-07,4.9e-07,5.2e-07,88226074.0,2020-12-20 13:14:59.999,54.49265524,3750,42974713.0,26.9767126,0
114690,SNMBTC,2021-01-08 21:00:00,2.3e-07,3.5e-07,2.2e-07,2.7e-07,40131631.0,2021-01-08 21:14:59.999,11.5534315,2287,25599230.0,7.56833179,0
115826,SNMBTC,2021-01-20 17:00:00,2.8e-07,4.4e-07,2.8e-07,3.4e-07,68530373.0,2021-01-20 17:14:59.999,24.98007508,6138,45196551.0,16.77212889,0
116690,SNMBTC,2021-01-29 17:00:00,7.8e-07,1.6e-06,4.8e-07,5.4e-07,182980525.0,2021-01-29 17:14:59.999,148.63434759,7242,77860029.0,73.41525937,0
124951,SNMBTC,2021-04-30 04:00:00,1.179e-05,2.222e-05,1.13e-05,1.239e-05,2462262.2,2021-04-30 04:14:59.999,33.89052054,5592,1250409.5,17.41064186,0
64864,SNTBTC,2019-08-22 20:00:00,1.82e-06,2.7e-06,1.82e-06,1.84e-06,39682951.0,2019-08-22 20:14:59.999,83.32643865,3581,18787648.0,40.44483833,0
20306,STMXBTC,2021-01-09 01:00:00,7e-08,9e-08,7e-08,7e-08,186836515.0,2021-01-09 01:14:59.999,14.85001372,450,130180875.0,10.41482389,0
55859,STORJBTC,2019-06-11 18:00:00,3.496e-05,6.1e-05,3.496e-05,4.866e-05,8224811.0,2019-06-11 18:14:59.999,406.6344678,17358,4322350.0,211.60713229,0
79991,STPTBTC,2022-07-08 00:00:00,2.25e-06,5.5e-06,2.25e-06,3.06e-06,11124362.0,2022-07-08 00:14:59.999,37.45789805,5486,6729524.0,22.22541045,0
20601,STRAXBTC,2021-06-21 09:00:00,3.265e-05,5.611e-05,3.265e-05,3.909e-05,1002955.4,2021-06-21 09:14:59.999,41.34321158,5881,471513.3,19.78573884,0
636,SUSDBTC,2020-12-11 02:00:00,5.658e-05,0.00023034,5.591e-05,5.81e-05,11824.0,2020-12-11 02:14:59.999,0.77500968,77,9977.0,0.66881,0
3924,SUSDBTC,2021-01-14 13:00:00,2.651e-05,0.000124,2.599e-05,4.15e-05,472880.0,2021-01-14 13:14:59.999,18.97585251,2477,295313.0,13.81203183,0
11165,SUSDBTC,2021-03-31 02:00:00,1.712e-05,2.452e-05,1.704e-05,1.736e-05,827049.0,2021-03-31 02:14:59.999,18.41179506,680,782651.0,17.60965803,0
32009,TCTBTC,2020-12-20 16:00:00,4.3e-07,6.6e-07,4.2e-07,5e-07,96880118.0,2020-12-20 16:14:59.999,52.9567006,4253,49598731.0,27.36496897,0
5827,TNTBTC,2018-01-22 06:00:00,2.333e-05,2.68e-05,2.044e-05,2.069e-05,10556775.0,2018-01-22 06:14:59.999,245.799565,4299,4462389.0,105.72834925,0
13607,TNTBTC,2018-04-14 17:00:00,1.197e-05,2.3e-05,1.197e-05,1.435e-05,48223458.0,2018-04-14 17:14:59.999,772.63219895,26410,26438188.0,429.38564677,0
85646,TNTBTC,2020-05-07 01:00:00,6.59e-06,1.15e-05,6.56e-06,9e-06,20075735.0,2020-05-07 01:14:59.999,183.67245467,9789,13213103.0,119.88196524,0
79003,TRBBTC,2022-11-29 04:00:00,0.000963,0.001869,0.00096,0.000987,22845.96,2022-11-29 04:14:59.999,27.36261068,4593,11466.72,14.04294533,0
113440,TRXBTC,2021-01-29 17:00:00,9.3e-07,1.27e-06,9.2e-07,1e-06,1052774958.0,2021-01-29 17:14:59.999,1114.89224849,34107,590054407.0,628.71747104,0
6053,VIABTC,2018-04-10 19:00:00,0.0003271,0.00036,0.0002218,0.0002357,761002.72,2018-04-10 19:14:59.999,198.91889225,5687,286778.54,75.09049755,0
80640,VIABTC,2020-05-29 16:00:00,2.797e-05,5.2e-05,2.75e-05,3.406e-05,9412957.24,2020-05-29 16:14:59.999,346.89137602,16293,4559887.25,168.51814543,0
111027,VIABTC,2021-04-11 17:00:00,4.04e-05,0.0001068,3.742e-05,3.907e-05,16324650.0,2021-04-11 17:14:59.999,1055.79773463,131082,8832536.0,589.86707569,0
111993,VIABTC,2021-04-21 21:00:00,5.599e-05,8.43e-05,3.984e-05,6.003e-05,12662239.0,2021-04-21 21:14:59.999,782.24498545,105219,6964468.0,436.47401018,0
112343,VIABTC,2021-04-25 17:00:00,3.421e-05,5.47e-05,2.671e-05,3.168e-05,2076825.0,2021-04-25 17:14:59.999,74.85150269,15021,1206665.0,46.59966227,0
63033,VIBBTC,2019-08-21 18:00:00,1.87e-06,2.4e-06,1.74e-06,1.76e-06,24734921.0,2019-08-21 18:14:59.999,49.14952018,3004,12439625.0,25.15212469,0
114209,VIBBTC,2021-02-05 21:00:00,1.14e-06,6.88e-06,1.14e-06,1.23e-06,233426225.0,2021-02-05 21:14:59.999,583.10347934,72430,123752159.0,352.11066064,0
134488,VIBBTC,2021-09-05 17:00:00,1.77e-06,2.86e-06,1.72e-06,2.24e-06,168511280.0,2021-09-05 17:14:59.999,347.46145168,35601,97219890.0,203.09277827,0
156836,VIBBTC,2022-04-26 14:00:00,7.3e-07,1.09e-06,7.3e-07,8.6e-07,61400528.0,2022-04-26 14:14:59.999,56.5026645,8628,36815176.0,34.05782791,0
44883,VIBEBTC,2019-04-25 17:00:00,6.88e-06,1e-05,6.88e-06,7.75e-06,30295589.0,2019-04-25 17:14:59.999,250.71629582,9717,16404581.0,137.15398259,0
106643,VIBEBTC,2021-01-29 21:00:00,6e-07,1.14e-06,6e-07,8.1e-07,46660249.0,2021-01-29 21:14:59.999,44.10454802,5533,29394279.0,27.8738255,0
107011,VIBEBTC,2021-02-02 17:00:00,9e-07,2.7e-06,8.9e-07,1.04e-06,198892493.0,2021-02-02 17:14:59.999,316.64773191,36162,110855285.0,182.40718388,0
107315,VIBEBTC,2021-02-05 21:00:00,5.5e-07,7.6e-07,5.2e-07,5.2e-07,30162466.0,2021-02-05 21:14:59.999,18.58101936,4108,14985201.0,9.6300844,0
23875,WABIBTC,2018-08-20 14:00:00,2.624e-05,3.5e-05,2.516e-05,2.716e-05,1767727.0,2018-08-20 14:14:59.999,51.36714401,2143,993010.0,28.59738898,0
27735,WABIBTC,2018-09-29 19:00:00,3.792e-05,4.283e-05,3.2e-05,3.275e-05,2172932.0,2018-09-29 19:14:59.999,80.08214866,2653,1175078.0,44.66187967,0
106697,WABIBTC,2021-01-01 20:00:00,3.54e-06,4.4e-06,2.78e-06,3.17e-06,4811591.0,2021-01-01 20:14:59.999,17.17062876,4843,2149671.0,7.78917104,0
109485,WABIBTC,2021-01-30 21:00:00,2.88e-06,4.88e-06,2.88e-06,3.46e-06,19402343.0,2021-01-30 21:14:59.999,72.95359883,11616,11655554.0,44.33681477,0
122966,WABIBTC,2021-06-20 17:00:00,8.44e-06,1.249e-05,7.9e-06,8.59e-06,35943874.0,2021-06-20 17:14:59.999,368.53666207,46214,19554497.0,204.06591285,0
134068,WABIBTC,2021-10-14 15:00:00,5.69e-06,8e-06,5e-06,5.22e-06,21897548.0,2021-10-14 15:14:59.999,140.42203252,25400,12174166.0,78.9481135,0
149704,WANBTC,2022-07-03 16:00:00,1.141e-05,1.68e-05,1.034e-05,1.058e-05,6360037.0,2022-07-03 16:14:59.999,84.41407618,11099,3249691.0,44.13889007,0
24129,WBTCBTC,2021-05-10 08:00:00,1.00099,3.00017,1.0009,1.00109,83.35883,2021-05-10 08:14:59.999,83.8841989,1472,42.6792,43.12879927,0
404,WINBTC,2019-08-05 15:00:00,3e-08,4e-08,3e-08,3e-08,13565431.0,2019-08-05 15:14:59.999,0.42168442,13,1472149.0,0.05888596,0
468,WINBTC,2019-08-06 07:00:00,3e-08,4e-08,3e-08,3e-08,21993889.0,2019-08-06 07:14:59.999,0.66026174,24,44507.0,0.00178028,0
572,WINBTC,2019-08-07 09:00:00,3e-08,4e-08,3e-08,3e-08,22698755.0,2019-08-07 09:14:59.999,0.8809939,19,20003125.0,0.800125,0
1048,WINBTC,2019-08-12 08:00:00,2e-08,4e-08,2e-08,3e-08,2855619469.0,2019-08-12 08:14:59.999,85.67435283,476,2845347337.0,85.3664647,0
1304,WINBTC,2019-08-15 00:00:00,3e-08,4e-08,3e-08,3e-08,9464138.0,2019-08-15 00:14:59.999,0.37320074,5,8927660.0,0.3571064,0
1716,WINBTC,2019-08-19 15:00:00,3e-08,4e-08,3e-08,3e-08,8116124.0,2019-08-19 15:14:59.999,0.24351772,6,3400.0,0.000136,0
1780,WINBTC,2019-08-20 07:00:00,3e-08,4e-08,3e-08,3e-08,1256546.0,2019-08-20 07:14:59.999,0.03928699,12,159061.0,0.00636244,0
1820,WINBTC,2019-08-20 17:00:00,3e-08,4e-08,3e-08,3e-08,45435922.0,2019-08-20 17:14:59.999,1.36478338,29,170572.0,0.00682288,0
1844,WINBTC,2019-08-20 23:00:00,3e-08,4e-08,3e-08,3e-08,429455610.0,2019-08-20 23:14:59.999,12.883842,382,17370.0,0.0006948,0
1892,WINBTC,2019-08-21 11:00:00,3e-08,4e-08,3e-08,3e-08,36414476.0,2019-08-21 11:14:59.999,1.09505875,45,262447.0,0.01049788,0
2376,WINBTC,2019-08-26 12:00:00,3e-08,4e-08,3e-08,3e-08,76294726.0,2019-08-26 12:14:59.999,2.29130687,34,246509.0,0.00986036,0
2500,WINBTC,2019-08-27 19:00:00,3e-08,4e-08,3e-08,3e-08,6388916.0,2019-08-27 19:14:59.999,0.25200338,8,6033590.0,0.2413436,0
2584,WINBTC,2019-08-28 16:00:00,3e-08,4e-08,3e-08,3e-08,2288789.0,2019-08-28 16:14:59.999,0.07694821,14,828454.0,0.03313816,0
3148,WINBTC,2019-09-03 13:00:00,3e-08,4e-08,2e-08,3e-08,1560341796.0,2019-09-03 13:14:59.999,46.80702348,970,70273455.0,2.1212289,0
3268,WINBTC,2019-09-04 19:00:00,2e-08,3e-08,2e-08,2e-08,4035302.0,2019-09-04 19:14:59.999,0.11827767,15,3757163.0,0.11271489,0
3504,WINBTC,2019-09-07 06:00:00,2e-08,3e-08,2e-08,2e-08,1203216.0,2019-09-07 06:14:59.999,0.03044234,10,637802.0,0.01913406,0
4144,WINBTC,2019-09-13 22:00:00,2e-08,3e-08,2e-08,2e-08,3630253.0,2019-09-13 22:14:59.999,0.0746478,6,204274.0,0.00612822,0
4380,WINBTC,2019-09-16 09:00:00,2e-08,3e-08,2e-08,2e-08,3456944.0,2019-09-16 09:14:59.999,0.07117667,5,203779.0,0.00611337,0
5140,WINBTC,2019-09-24 07:00:00,2e-08,3e-08,2e-08,2e-08,2529173.0,2019-09-24 07:14:59.999,0.05281716,4,223370.0,0.0067011,0
5156,WINBTC,2019-09-24 11:00:00,2e-08,3e-08,2e-08,2e-08,155050370.0,2019-09-24 11:14:59.999,3.10976506,38,875766.0,0.02627298,0
5188,WINBTC,2019-09-24 19:00:00,2e-08,3e-08,2e-08,2e-08,10874498.0,2019-09-24 19:14:59.999,0.23259748,16,1510752.0,0.04532256,0
5288,WINBTC,2019-09-25 20:00:00,2e-08,3e-08,2e-08,2e-08,9675636.0,2019-09-25 20:14:59.999,0.23830754,20,4479482.0,0.13438446,0
5700,WINBTC,2019-09-30 03:00:00,2e-08,3e-08,2e-08,2e-08,805855602.0,2019-09-30 03:14:59.999,16.12016001,350,304797.0,0.00914391,0
5704,WINBTC,2019-09-30 04:00:00,2e-08,3e-08,1e-08,2e-08,1310211526.0,2019-09-30 04:14:59.999,26.19297318,1016,208769439.0,4.19800628,0
1500,WINGSBTC,2018-01-10 20:00:00,0.000143,0.00018,0.00012249,0.00012914,1176376.0,2018-01-10 20:14:59.999,182.57596237,4774,629653.0,99.56456961,0
37909,WINGSBTC,2019-01-27 18:00:00,3.148e-05,3.48e-05,2.652e-05,2.723e-05,6072355.0,2019-01-27 18:14:59.999,184.4637188,6536,2720039.0,84.38209491,0
3996,WNXMBTC,2020-10-06 22:00:00,0.002647,0.003343,0.0014,0.002655,9908.436,2020-10-06 22:14:59.999,25.43037659,1957,4733.718,13.20571036,0
39311,WNXMBTC,2021-10-10 17:00:00,0.001178,0.001621,0.001178,0.001216,332632.41,2021-10-10 17:14:59.999,430.48009302,41037,195014.05,251.5172421,0
3562,WOOBTC,2022-03-17 09:00:00,1.231e-05,1.88e-05,1.231e-05,1.255e-05,365772.9,2022-03-17 09:14:59.999,4.76696306,865,199122.9,2.62007532,0
12506,WPRBTC,2018-08-07 08:00:00,4.62e-06,6.41e-06,4.41e-06,4.75e-06,26693075.0,2018-08-07 08:14:59.999,148.829946,4846,13602111.0,76.01967477,0
101195,WPRBTC,2021-02-18 18:00:00,4.5e-07,6.5e-07,4.5e-07,5e-07,77377581.0,2021-02-18 18:14:59.999,43.81081473,6061,43774031.0,24.97213756,0
40666,WRXBTC,2021-04-04 16:00:00,9.117e-05,0.000115,7.5e-05,7.791e-05,7957483.0,2021-04-04 16:14:59.999,728.73724209,43709,3637750.0,336.53237969,0
28,WTCBTC,2017-08-27 11:00:00,0.000267,0.00034,0.00024,0.000272,483697.3778,2017-08-27 11:14:59.999,138.49885019,471,261586.89,75.16656877,0
860,WTCBTC,2017-09-05 03:00:00,0.000212,0.000239,9.1e-05,0.000143,1553506.4,2017-09-05 03:14:59.999,202.07702624,1065,315755.58,42.1910947,0
28724,XNOBTC,2022-11-23 13:00:00,9.113e-05,0.000101,7.238e-05,7.82e-05,360292.68,2022-11-23 13:14:59.999,31.6227375,4516,152132.54,13.38457924,0
69,XRPBTC,2017-11-03 01:00:00,3.23e-05,3.8e-05,2.815e-05,2.825e-05,1029614.0,2017-11-03 01:14:59.999,34.45787741,486,445018.0,15.39529752,0
6978,XVGBTC,2017-12-13 21:00:00,8.6e-07,1.74e-06,8.6e-07,1.03e-06,130439224.0,2017-12-13 21:14:59.999,154.30162812,3317,70538631.0,80.98133605,0
76283,XVSBTC,2022-12-10 18:00:00,0.0002462,0.0003326,0.0002462,0.0002558,77213.84,2022-12-10 18:14:59.999,21.98273225,4360,39606.04,11.31800901,0
5987,XZCBTC,2018-01-23 18:00:00,0.007063,0.012,0.0069,0.00698,56779.15,2018-01-23 18:14:59.999,509.149711,9714,29746.44,275.36059947,0
31688,XZCBTC,2018-10-20 20:00:00,0.001527,0.002366,0.001516,0.001668,152360.56,2018-10-20 20:14:59.999,279.71254461,9063,81406.69,150.93408816,0
7856,YGGBTC,2021-12-15 04:00:00,0.0001036,0.0001637,0.0001036,0.0001259,369814.8,2021-12-15 04:14:59.999,49.95104364,8375,162243.7,21.91998949,0
18582,YOYOBTC,2018-05-12 18:00:00,1.866e-05,2.567e-05,1.651e-05,1.668e-05,33344482.0,2018-05-12 18:14:59.999,652.84181236,14267,17345807.0,348.26415506,0
